ID,Name,IsTestObject,Active,WindMult,SolarMult,Latitude,Longitude,FuelOnly,IsSpecialHydroelectric,ERHRegionID,WAPRegionID,ImprovementCostLevel,OriginalImprovementCostLevel,WeatherID,DegreeDays,AverageTemperature,DesignTemperature,WindSpeed,Elevation,FuelRefer,FuelCityID,Oil1Price,Oil2Price,PropanePrice,BirchPrice,SprucePrice,WoodPelletsPrice,CoalPrice,SteamPrice,HotWaterPrice,MunicipalSalesTax,BoroughSalesTax,Notes
1,Anchorage,0,1,0.91,1,61.15196,-149.8641,0,0,2,2,1,1,2,,,,,100,0,,3.36,,6.48,300,300,,175,,,,,"Weather and Location Data. fuel costs from 7/2021 ; Weather info in Weather database - DO NOT ENTER HERE, Oil prices from Petrolane and Denali Fuel for 300 gallons delivered ; Propane is average for delivered to those with own tank and those who rent tank, new and existing customer, and amt ordered."
2,Adak,0,1,1.33,0.98,51.848896,-176.635422,0,0,2,3,5,5,16,,,,,200,0,,4.73,4.73,,,,,,,,0.04,,"Weather and Location Data. Weather info in Weather database - DO NOT ENTER HERE; oil prices from 7/2021"
3,Akutan,0,1,1,0.97,54.1349449,-165.772446,0,0,2,3,5,5,16,,,,,100,0,,,2.55,,,,,,,,,,"Weather and Location Data. fuel costs from  7/2021  HDD, Temp, Elev from AEIDCClimatological Summary, 1986-87, dT and wind from nearest: Cold Bay;"
4,Allakaket,0,1,1,1.08,66.5613861,-152.649445,0,0,4,4,5,5,7,,,,,400,0,,7,7,12.92,,,,,,,,,"Weather and Location Data. fuel costs from 7/2021; HDD, Temp, Elev from AEIDCClimatological Summary, 1922-82; wind and dT from nearest :Bettles,"
5,Angoon,0,1,1,0.94,57.4966469,-134.5789,0,0,1,1,3,3,42,,,,,100,0,,4.15,,6.23,,,,,,,0.03,,"Weather and Location Data. fuel costs from 7/2021 ; wind from WERA map class, weather from AEIDC summary 1941-87, dT from nearest Juneau;"
6,Aniak,0,1,0.55,0.88,61.5779037,-159.546753,0,0,4,6,3,3,6,,,,,100,0,,6.05,,,,,,,,,0.02,,"Fuel costs from 7/2021; m/s from WERA, weather from AEIDC summary 1922-76,85-87;"
8,"Arctic Village",0,1,1,1.27,68.12287,-145.536972,0,0,6,5,5,5,7,,,,,2100,0,,12,,12.71,,,,,,,,,"Fuel price from 7/2021; HDD, Temp, Elev from AEIDCClimatological Summary, 1962-72;87, wind from WERA map class,dT from nearest: Bettles;"
9,Atka,0,1,1.07,1.39,52.2155876,-174.20517,0,0,2,3,5,5,16,,,,,0,0,,7.5,,,,,,,,,,,"Fuel costs from 7/2021; dbTemp, Elev from AEIDCClimatological Summary, 1923-28;36-49; wind from nearest - Adak; oil from 6/08 survey Atka Native Store"
11,"Auke Bay",0,1,1,1,58.3830032,-134.661453,0,0,1,1,1,1,4,,,,,0,0,292,3.1,3.12,3.4,,,,,,,,0.05,"Fuel costs from  7/2021; HDD, Temp, Elev from AEIDC Climatological Summary, 1963-87dT and wind from Juneau"
12,Barrow/Utqiavik,0,1,0.84,1,71.29736,-156.751846,0,0,6,5,4,4,5,,,,,0,0,,,,3.95,,,,,,,,,"Natural gas for heat; Weather info in Weather database - DO NOT ENTER HERE;"
13,Bethel,0,1,1,1,60.7944679,-161.803955,0,0,4,4,3,3,6,,,,,0,0,,3.73,,8.2,300,350,,,,,0.06,," Fuel costs from  7/2021, except fire wood; Weather info in Weather database - DO NOT ENTER HERE;"
14,Bettles,0,1,1,1,66.9148254,-151.518265,0,0,4,4,4,4,7,,,,,600,0,,7.45,,,,,,,,,,,"Oct 2016 Weather and Location Data. fuel costs from 8/2020 ;  Weather info in Weather database - DO NOT ENTER HERE"
15,"Delta Junction",0,1,1,1,64.0555344,-145.728577,0,0,4,4,3,3,8,,,,,1100,0,,2.93,,4.02,,,,,,,,,"Oct 2016 Weather and Location Data. fuel costs from 7/2021; HDD, Temp, Elev from AEIDCClimatological Summary, 1942-87; wind m/s from WERA; dT from BEES;   Propane is average price of thise with own tanks an with rentals"
16,"Big Lake",0,1,1,1.02,61.54496,-149.855164,0,0,2,2,1,1,50,,,,,200,0,,2.09,,6.48,,,,,,,,," Fuel costs from  1/2021; HDD, Temp, Elev from AEIDCClimatological Summary, 1973-78; wind nearest - Talkeetna; oil costs from Fisher's Fuel;     Propane is average for delivered to those with own tank and those who rent tank, new and existing customer, and amt ordered."
19,Cantwell,0,1,1,0.82,63.39879,-148.886169,0,0,4,4,3,3,8,,,,,2200,0,,3.46,,6.48,,,,,,,,,"Weather and Location Data. fuel costs from  7/2021; HDD, Temp, Elev from AEIDCClimatological Summary, 1983-87; wind from WERA map class;  Propane is average for delivered to those with own tank and those who rent tank, new and existing customer, and amt ordered."
21,Central,0,1,1,1.12,65.51122,-144.690018,0,0,4,4,3,3,38,,,,,900,0,,3.6,,6.48,,,,,,,,,"Oct 2016 Weather and Location Data. Fuel costs from  7/2021; HDD, Temp, Elev from AEIDCClimatological Summary, 1947-54, wind from WERA map class"
22,Chalkyitsik,0,1,1,0.87,66.65167,-143.727478,0,0,4,4,4,4,17,,,,,500,0,161,8,,8.47,,,,,,,,,"Oct 2016 Weather and Location Data. fuel costs from  7/2021; HDD, Temp, Elev from AEIDCClimatological Summary, 1962-72, wind and dT from nearest: Ft. Yukon;"
26,Chickaloon,0,1,1,0.99,61.7831078,-148.535187,0,0,2,2,2,2,44,,,,,1100,0,,2.8,,3.61,,,,,,,,,"Oct 2016 Weather and Location Data. fuel costs from 7/2021; Temp, Elev from AEIDCClimatological Summary, 1922-33; wind from WERA map class, HDD from nearest (Sutton) modified for altitude; oil from Fisher's Fuel (Big Lake), propane from Mat Valley Propane"
27,Chicken,0,1,1,1.23,64.06817,-141.911484,0,0,4,4,3,3,39,,,,,1900,0,,3.1,,,,,,,,,,,"Oct 2016 Weather and Location Data. fuel costs from  7/2021; Elev from AEIDCClimatological Summary, 1953-54; HDD, Temp from nearest: Eagle"
28,Chignik,0,1,0.4,1.63,56.2942162,-158.3948,0,0,2,2,3,3,11,,,,,0,0,,3.94,,10.38,,,,,,,,,"Oct 2016 Weather and Location Data. fuel costs from  7/2021;  HDD, Temp, Elev from AEIDCClimatological Summary, 1967-78;wind from WERA map class;"
29,Chitina,0,1,1,0.98,61.5271454,-144.401886,0,0,4,4,3,3,21,,,,,500,0,,2.68,,4.67,,,,,,,,,"Oct 2016 Weather and Location Data.                     Fuel costs from 7/2021;   HDD, Temp, Elev from AEIDC Climatological Summary, 1922-71;   Wind from WERA map class;"
30,Circle,0,1,1,0.88,65.78057,-144.1205,0,0,4,4,3,3,17,,,,,800,0,21,3.45,,4.48,,,,,,,,,"Oct 2016 Weather and Location Data. fuel costs from 7/2021; HDD, Temp, Elev from AEIDCClimatological Summary, 1957-87"
32,Clear,0,1,1,0.99,64.28773,-149.169632,0,0,4,4,2,2,19,,,,,600,0,,3.06,,4.23,,,,,,,,,"Oct 2016 Weather and Location Data. fuel costs from  7/2021; HDD, Temp, Elev from AEIDCClimatological Summary, 1965-87; wind nearest - Nenana; fuel prices from Nenana Fuel,    Propane is average price of thise with own tanks an with rentals"
33,"Coffman Cove",0,1,1,1,56.0045052,-132.813171,0,0,1,1,3,3,51,,,,,300,0,,3.07,3.07,3.2,,,,,,,,,"Oct 2016 Weather and Location Data. fuel costs from  7/2021survey; HDD, Temp, Elev from AEIDCClimatological Summary, 1970-76"
34,"Cold Bay",0,1,0.85,1,55.20722,-162.717453,0,0,2,3,3,3,11,,,,,0,0,,4.96,,,,,,,,,,,"Oct 2016 Weather and Location Data. fuel costs from  7/2021; Weather info in Weather database - DO NOT ENTER HERE; oil from Frosty Fuel, 3/98;"
36,"Cooper Landing",0,1,1,0.97,60.48937,-149.796524,0,0,2,2,2,2,14,,,,,500,0,,2.61,,6.75,,,,,,,,0.03,"Oct 2016 Weather and Location Data. fuel costs from 7/2021 ; HDD, Temp, Elev from AEIDCClimatological Summary, 1975-87;    Propane is average price of thise with own tanks an with rentals"
37,"Copper Center",0,1,1,0.98,61.98228,-145.3298,0,0,4,4,3,3,21,,,,,1000,0,,2.98,,3.61,,,,,,,,,"Oct 2016 Weather and Location Data. fuel costs from  7/2021; HDD,  Elev from AEIDCClimatological Summary, 1961-70;72-82;"
38,Cordova,0,1,1,1.09,60.5427437,-145.738617,0,0,2,2,3,3,15,,,,,0,0,,3.32,,3.7,,,,,,,,,"Oct 2016 Weather and Location Data. NO SALES TAX ON FUEL FOR RESIDENTIAL; 6% for commercial: fuel costs from 8/2020; HDD, Temp, Elev from AEIDC Climatological Summary, 1955-66;68-71;86-87; dT from BEES; wind m/s from WERA;oil and propane costs 7/2021"
39,"Atqasuk - Com",0,1,1,1.31,70.47874,-157.417252,0,0,6,5,5,5,31,,,,,100,0,,4.1,,5,,,,,,,,,"Fuel prices from 7/2021"
40,"Kaktovik - Res",0,1,1.11,1.72,70.12301,-143.6093,0,0,6,5,5,5,5,,,,,0,0,,2.5,,6,,,,,,,,,"Oct 2016 Weather and Location Data. 7/2021 fuel survey; There is such a large discrepancy between residential subsidized rate and commercial rate ($2.50/$6.00) ; wind from WERA,elev. From Ak. Wilderness Milepost 1989;"
41,Nuiqsut,0,1,1,1.31,70.218605,-151.004669,0,0,6,5,5,5,31,,,,,0,0,,,2.3,7.48,,,,,,,,,"Oct 2016 Weather and Location Data. fuel costs from 7/2021; elev.from Ak. Wilderness Milepost 1989, weather from Barrow; oil and propane from 12/07  survey"
42,"Point Hope Res",0,1,1.16,1.29,68.3478851,-166.769882,0,0,6,5,5,5,30,,,,,0,0,,1.74,,18.01,,,,,,,0.03,,"Fuel prices from 1/2021;   Oct 2016 Weather and Location Data. There are two listings for Point Hope because here is such a large discrepancy between residential subsidized rate and commercial rate ($1.74/$7.25) July 2019; wind from WERA,; HDD, db temp from AEIDC, 1924-27, 41-54,82; 7/17;"
43,"Point Lay",0,1,1,1.31,69.7456,-163.012131,0,0,6,5,5,5,5,,,,,0,0,,1.45,,8.47,,,,,,,,,"Oct 2016 Weather and Location Data. Two listings for Point Lay  because there is such a large discrepancy between residential subsidized rate and commercial rate ($1.45/$7.44) 2/2020 ; wind from WERA,; HDD, db temp from AEIDC, 1924-27, 41-54,82; 7/15"
44,"Wainwright Res",0,1,1,1.42,70.6449051,-160.017776,0,0,6,5,5,5,5,,,,,0,0,,1.5,,14.62,,,,,,,,,"Oct 2016 Weather and Location Data. There is  a large discrepancy between residential subsidized rate and commercial rate ($1.50/$5.96) ; wind from WERA,;  Design temp from BEES Appendix; fuel prices from 1/2021"
45,Ambler,0,1,1,1.11,67.08703,-157.858917,0,0,5,5,5,5,7,,,,,100,0,,10,,,,,,,,,0.03,,"Fuel costs for 7/2021;  Weather and Location Data. Wind from WERA map class,Elev. From Alaska Wilderness Milepost 1989, dT from nearest: Bettles;"
46,Buckland,0,1,0.54,1.15,65.97576,-161.127686,0,0,5,5,4,4,30,,,,,0,0,,6,,10.81,,,,,,,0.06,,"fuel costs from  7/2021; weather info from nearest:Candle, Elev. At airstrip)from Alaska Wilderness Milepost 1989, dT extrapolatedfrom nearest: Kotzebue,"
47,Deering,0,1,1,1.14,66.08256,-162.741425,0,0,5,5,4,4,30,,,,,0,0,,3,,8.9,,,,,,,0.03,,"10/2016 Weather and Location Data. fuel costs from  7/2021; elev. (at airstrip) from Ak. Wilderness Milepost 1989, HDD,dbT, wind from nearest: Candle"
48,Kiana,0,1,0.54,1.05,66.97198,-160.432724,0,0,5,5,5,5,30,,,,,100,0,,6,,,,,,,,,0.03,,"Oct 2016 Weather and Location Data. fuel costs from  7/2021; elev.  From Ak. Wilderness Milepost 1989, weather from nearest: Ambler;"
49,Kivalina,0,1,1,1.26,67.72719,-164.537689,0,0,5,5,4,4,30,,,,,0,0,,4.04,,11.78,,,,,,,0.02,,"Oct 2016 Weather and Location Data. fuel costs from 7/2021; HDD, Temp, Elev from AEIDC Climatological Summary, 1973-76, wind from WERA map class;"
50,Kobuk,0,1,1,1.04,66.91524,-156.884384,0,0,5,5,5,5,7,,,,,100,0,,10,,11.65,,,,,,,,,"Oct 2016 Weather and Location Data. Fuel costs from 7/2021; HDD, Temp, Elev from AEIDCClimatological Summary, 1953-54;64-79;"
51,Kotzebue,0,1,1,0.99,66.8983841,-162.58493,0,0,5,5,4,4,30,,,,,0,0,,5.48,,8.27,,,,,,,0.06,,"Oct 2016 Weather and Location Data. fuel costs from 7/2021;  Weather info in Weather database - DO NOT ENTER HERE;"
52,Noatak,0,1,0.54,1.22,67.57232,-162.970459,0,0,5,5,4,4,30,,,,,100,0,,8.99,,,,,,,,,,,"Oct 2016 Weather and Location Data. fuel costs from 7/2021; elev. From Ak. Wilderness Milepost 1989, HDD, dbT, wind from Kivalina;"
53,Noorvik,0,1,0.54,1.01,66.8327942,-161.043121,0,0,5,5,4,4,30,,,,,0,0,,5.42,,12.74,,,,,,,0.04,,"Oct 2016 Weather and Location Data. fuel costs from 7/2021 weather from Ambler"
54,Selawik,0,1,0.54,1.09,66.59877,-160.010437,0,0,5,5,4,4,30,,,,,0,0,,7.25,,12.71,,,,,,,0.065,,"Oct 2016 Weather and Location Data. fuel costs from 7/2021; HDD, Temp, Elev from AEIDCClimatological Summary, 1953-55, dT from Kotzebue;"
55,Shungnak,0,1,1,1.07,66.8857346,-157.148743,0,0,5,5,4,4,7,,,,,200,0,,8.25,,,,,,,,,0.02,,"Oct 2016 Weather and Location Data. ffuel costs from 7/2021; wind from WERA map class, HDD from BEES,elev. From Ak. Wilderness Milepost 1989, oil and propane from 11/01 phone survey of Shungnak Native Store"
56,"Brevig Mission",0,1,1.36,0.87,65.33424,-166.487213,0,0,5,5,4,4,37,,,,,0,0,,3.67,,13.05,,,,,,,0.03,,"Fuel costs from  7/2021;  weather from nearest city: Nome,elev. From Alaska Wilderness Milepost 1989;"
57,Diomede,0,1,1.54,0.76,65.7534943,-168.924911,0,0,5,5,5,5,30,,,,,1100,0,,5,,,,,,,,,0.04,,"Oct 2016 Weather and Location Data. HDDanddbT from nearest: Wales; fuel costs from 7/2021"
58,Elim,0,1,1,0.91,64.6170959,-162.254791,0,0,5,5,4,4,37,,,,,0,0,,3.2,,13.389,,,,,,,0.03,,"Oct 2016 Weather and Location Data. fuel costs from 7/2021; elev. (at airstrip) from Ak. Wilderness Milepost 1989, HDD, dbT, wind from nearest: Golovin;"
59,Gambell,0,1,1.57,1.18,63.7709236,-171.7124,0,0,5,5,5,5,37,,,,,0,0,,4.51,,16.19,,,,,,,0.03,,"Oct 2016 Weather and Location Data. fuel costs from  7/2021; HDD, Temp, Elev from AEIDC Climatological Summary, 1949-87;"
60,Golovin,0,1,1.26,0.94,64.54623,-163.030716,0,0,5,5,4,4,37,,,,,0,0,,3.1,,16.57,,,,,,,,,"Oct 2016 Weather and Location Data. fuel costs from 7/2021; Norman's database, wind from WERA map class, elev. (at airstrip) from Ak. Wilderness Milepost 1989;"
61,Koyuk,0,1,0.68,0.94,64.931694,-161.156509,0,0,5,5,5,5,37,,,,,0,0,,4.71,,15.68,,,,,,,0.02,,"Oct 2016 Weather and Location Data. fuel costs from  7/2021; wind from WERA map class, elev. (at airstrip) from Ak. Wilderness Milepost 1989, HDD and dbT from Golovin;"
62,Nome,0,1,1,1,64.5023651,-165.397552,0,0,5,5,3,3,37,,,,,0,0,,4.36,,8.08,,,,,,,0.06,,"Oct 2016 Weather and Location Data. fuel costs from 7/2021, including tax; Weather info in Weather database - DO NOT ENTER HERE;"
63,"Saint Michael",0,1,1,1,63.4807167,-162.04747,0,0,5,5,4,4,37,,,,,0,0,,3.85,,10.13,,,,,,,0.04,,"Oct 2016 Weather and Location Data. fuel costs from 7/2021; HDD, Temp, Elev from AEIDC Climatological Summary, 1922-33. wind from WERA map class, elev. (at airstrip) from Ak. Wilderness Milepost 1989"
64,Savoonga,0,1,1.36,0.74,63.69433,-170.485855,0,0,5,5,5,5,37,,,,,0,0,,5.35,,23.3,,,,,,,0.03,,"Oct 2016 Weather and Location Data. fuel costs from 7/2021;  HDD, Temp, Elev from AEIDCClimatological Summary, 1929-38;47-49;86-87 elev. (at airstrip) from Ak. Wilderness Milepost 1989,"
65,Shaktoolik,0,1,1.26,0.78,64.33657,-161.163391,0,0,5,5,4,4,37,,,,,0,0,,3.68,,12.92,,,,,,,0.04,,"Oct 2016 Weather and Location Data. fuel costs from 7/2021; HDD from nearest: Unalakleet, elev. (at airstrip) from Ak. Wilderness Milepost 1989,"
66,Shishmaref,0,1,1,1.04,66.25675,-166.066162,0,0,5,5,5,5,30,,,,,0,0,,3.02,3.02,12.08,,,,,,,0.03,,"Oct 2016 Weather and Location Data. fuel costs from 7/2021; HDD, Elev from AEIDCClimatological Summary, 1922-29;32-37;42-52,"
67,Stebbins,0,1,1,1.05,63.5218353,-162.276566,0,0,5,5,4,4,37,,,,,0,0,,4.88,,14.64,,,,,,,0.03,,"Oct 2016 Weather and Location Data. fuel costs from 7/2021; elev.from Ak. Wilderness Milepost 1989, HDD, dbT, wind from nearest: St. Michael, dT from Unalakleet;  oil and propane costs 11/01 phone survey"
68,Teller,0,1,1,0.88,65.2541046,-166.336273,0,0,5,5,4,4,37,,,,,0,0,,5.93,,12.29,,,,,,,0.03,,"Oct 2016 Weather and Location Data. fuel costs from 7/2021; HDD, Temp, Elev from AEIDCClimatological Summary, 1925-28;33-43;46-63, wind from WERA map class, dT from Nome;"
69,Unalakleet,0,1,1.26,0.79,63.87895,-160.791077,0,0,5,5,4,4,37,,,,,0,0,,3.99,,9.54,,,,,,,0.05,,"Oct 2016 Weather and Location Data. fuel costs from 7/2021  HDD, Temp, Elev from AEIDC Climatological Summary, 1941-87; design temp; wind - Norman's database; oil and propane costs from Native Corp. 11/03  survey"
70,Wales,0,1,1.25,0.98,65.6099854,-168.090012,0,0,5,5,5,5,30,,,,,0,0,,4.5,,,,,,,,,0.03,,"Oct 2016 Weather and Location Data. fuel costs from 7/2021; HDD, Temp, Elev from AEIDCClimatological Summary, 1944-87"
71,"White Mountain",0,1,0.68,0.83,64.68047,-163.4017,0,0,5,5,4,4,37,,,,,100,0,,3,,12.71,,,,,,,0.01,,"Oct 2016 Weather and Location Data. fuel costs from 1/2021;  Degree days, db temp from BEES Appendix,elev.from Ak. Wilderness Milepost 1989,"
72,Chevak,0,1,1.01,0.82,61.5281334,-165.585968,0,0,4,6,4,4,6,,,,,0,0,,5.35,,11.11,,,,,,,,,"2016  Weather and Location Data. 3% sales tax not included for fuel; fuel costs from  7/2021; 17 m. east of Hooper Bay, elev. (at airstrip) from Alaska Wilderness Milepost 1989, HDD, dT, wind from Bethel"
73,Emmonak,0,1,1,0.85,62.7795753,-164.545227,0,0,4,6,4,4,37,,,,,0,0,,4.96,,11.02,,,,,,,0.04,,"Oct 2016 Weather and Location Data. fuel costs from  7/2021;  HDD, Temp, Elev from AEIDCClimatological Summary, 1977-87"
74,"Hooper Bay",0,1,1.47,0.81,61.5272141,-166.1048,0,0,4,6,4,4,37,,,,,0,0,,5.05,,,,,,,,,0.04,,"Oct 2016 Weather and Location Data. fuel costs from  7/2021; Temp, Elev from AEIDCClimatological Summary, 1926-39; fuel prices from Yukon Fuel, 11/01 phone survey"
75,Kotlik,0,1,1,0.79,63.0332527,-163.550278,0,0,4,6,5,5,37,,,,,0,0,,4.74,,,,,,,,,0.03,,"Oct 2016 Weather and Location Data. fuel costs from 7/2021; elev. (at airstrip) from Ak. Wilderness Milepost 1989, temp -50-87 subarctic, HDD and dbT from"
76,Marshall,0,1,0.55,0.89,61.87783,-162.08551,0,0,4,6,5,5,6,,,,,0,0,,5.59,,,,,,,,,0.04,,"Oct 2016 Weather and Location Data. fuel costs from 7/2021;  elev. (at airstrip) from Ak. Wilderness Milepost 1989, HDD, dbT, wind from St. Mary"
77,"Mountain Village",0,1,1,0.81,62.0908966,-163.722336,0,0,4,6,4,4,6,,,,,200,0,,6,,12.85,,,,,,,0.03,,"Oct 2016 Weather and Location Data. fuel costs from 7/2021; HDD, Temp, Elev from AEIDC Climatological Summary, 1944-63;"
78,"Pilot Station",0,1,0.55,0.79,61.93867,-162.8827,0,0,4,6,4,4,6,,,,,100,0,,6.25,,,,,,,,,0.04,,"Oct 2016 Weather and Location Data. fuel costs from 7/2021; Temp, from AEIDC Climatological Summary, 1923-27;29-33, elev. (at airstrip) from Ak. Wilderness Milepost 1989, HDD from St. Mary"
79,"Pitkas Point",0,1,1,0.82,62.03778,-163.278366,0,0,4,6,4,4,6,,,,,200,0,,6.55,,,,,,,,,,,"Oct 2016 Weather and Location Data. fuel costs from 7/2021; HDD, dbT from nearest:St. Mary's (5 mi)"
80,"Russian Mission",0,1,0.55,0.85,61.7852745,-161.33168,0,0,4,6,4,4,6,,,,,200,0,,4.5,,8.62,,,,,,,0.04,,"Oct 2016 Weather and Location Data. fuel costs from 7/2021; HDD, Temp, Elev from AEIDCClimatological Summary, 1966-87, wind nearest Aniak,"
81,"Saint Mary's",0,1,1,0.8,62.0523949,-163.179352,0,0,4,6,4,4,6,,,,,200,0,,6.55,,9,,,,,,,,,"Oct 2016 Weather and Location Data. fuel costs from 7/2021; HDD, Temp, Elev from AEIDCClimatological Summary, 1967-83, wind from WERA map class;"
82,"Scammon Bay",0,1,1,0.76,61.84184,-165.580261,0,0,4,6,4,4,37,,,,,0,0,,5.52,,14.11,,,,,,,0.04,0.025,"Oct 2016 Weather and Location Data. fuel costs from 7/2021; HDD and dbT from Cape Romanzof, AEIDC Climatological Summary, 1953-87;"
83,"Nunum Iqua",0,1,1.26,0.88,62.5311241,-164.84935,0,0,4,6,5,5,37,,,,,0,0,,5.35,,11.6153841,,,,,,,0.04,,"Oct 2016 Weather and Location Data. fuel costs from 7/2021; HDD, dbT from Emmonak; oil and propane costs from ISER survey May 1993;"
84,Akiachak,0,1,1,0.88,60.9100151,-161.424179,0,0,4,6,4,4,6,,,,,0,0,,5.08,,13.14,,,,,,,,,"Weather and Location Data. fuel costs from 7/2021; Elev. From Alaska Wilderness Milepost 1989, weather data from nearest: Bethel; Fuel costs from  Akiachak Fuel"
85,Akiak,0,1,0.55,0.89,60.911972,-161.222458,0,0,4,6,4,4,6,,,,,0,0,,4.69,,19.07,,,,,,,,," Weather and Location Data. Fuel costs from 7/2021;  Elev. From Alaska Wilderness Milepost 1989, HDD, dbT, dT, wind from nearest: Bethel; propane only in 20 lb bottles"
86,Atmautluak,0,1,1.01,0.92,60.8595047,-162.275986,0,0,4,6,4,4,6,,,,,0,0,,4.96,,7.2,,,,,,,,,"Fuel costs from  7/2021; Elev.at airstrip from Alaska Wilderness Milepost 1989, weather data from nearest: Bethel; Fuel costs  Athmauthluak Limited"
87,Chefornak,0,1,1.09,0.8,60.1537361,-164.258682,0,0,4,6,4,4,6,,,,,0,0,,5.25,,,,,,,,,0.02,,"Fuel update 7/2021; HDD and dbT from nearest: Nunivak, elev. At airstrip) from Alaska Wilderness Milepost 1989;"
88,Eek,0,1,1,0.92,60.2154922,-162.021439,0,0,4,6,4,4,6,,,,,0,0,,4.5,,,,,,,,,0.02,,"Oct 2016 Weather and Location Data. fuel costs from 8/2021; elev. (at airstrip) from Ak. Wilderness Milepost 1989, HDD,dbT from nearest: Cape Newenham;"
89,"Goodnews Bay",0,1,1.21,0.87,59.1193275,-161.583145,0,0,4,6,4,4,27,,,,,0,0,,2.79,,10.07,,,,,,,0.03,,"Oct 2016 Weather and Location Data. fuel costs from  7/2021; elev. (at airstrip) from Ak. Wilderness Milepost 1989, HDD and dbT from nearest: Platinum;oil and propane costs from ISER survey May 1993;"
90,Kasigluk,0,1,1.01,0.94,60.8780441,-162.519745,0,0,4,6,4,4,6,,,,,0,0,,4.25,,16.16,,,,,,,0.04,,"Oct 2016 Weather and Location Data. fuel costs from 7/2021; 20 miles NW of Bethel, weather data from Bethel;"
91,Kipnuk,0,1,1.31,1.01,59.93563,-164.0365,0,0,4,6,4,4,27,,,,,0,0,,4.94,,,,,,,,,0,,"Oct 2016 Weather and Location Data. fuel costs from 7/2021; elev. (at airstrip) from Ak. Wilderness Milepost 1989, HDD, dbT from nearest: Cherfornak;"
92,Kongiganak,0,1,1.21,1.07,59.9583054,-162.88858,0,0,4,6,4,4,27,,,,,0,0,,5.43,,,,,,,,,,,"Oct 2016 Weather and Location Data. fuel costs from  7/2021; elev. (at airstrip) from Ak. Wilderness Milepost 1989, weather from nearest: Dillingham;"
93,Kwethluk,0,1,1,0.97,60.8084755,-161.430252,0,0,4,6,4,4,6,,,,,0,0,,5.56,,11.6,,,,,,,0.05,,"Oct 2016 Weather and Location Data. fuel costs from  7/2021; elev. (at airstrip) from Ak. Wilderness Milepost 1989, HDD, dbT, dT wind from Bethel;"
94,Kwigillingok,0,1,1.31,1.03,59.8712273,-163.174149,0,0,4,6,4,4,27,,,,,0,0,,5.2,,16.1,,,,,,,,,"Oct 2016 Weather and Location Data. fuel costs from 7/2021;  elev. (at airstrip) from Ak. Wilderness Milepost 1989, HDD and dbT from Cherfornak;"
95,Mekoryok,0,1,1.18,0.62,60.38569,-166.209686,0,0,4,6,4,4,6,,,,,0,0,,4.99,,12.54,,,,,,,0.04,,"Oct 2016 Weather and Location Data. ; HDD, Temp, Elev from AEIDC Climatological Summary, 1982-87, wind from WERA; oil and propane costs from 7/2021"
96,Napakiak,0,1,1,1,60.6920853,-161.9757,0,0,4,6,4,4,6,,,,,0,0,,5.05,,,,,,,,,0.05,,"7/2021 fuel update; elev. (at airstrip) from Ak. Wilderness Milepost 1989, used Bethel weather (10 miles from Bethel)"
97,Napaskiak,0,1,1,1.01,60.7067566,-161.757782,0,0,4,6,4,4,6,,,,,0,0,,4.19,,,,,,,,,,,"Oct 2016 Weather and Location Data. fuel costs from 7/2021; elev. (at airstrip) from Ak. Wilderness Milepost 1989, 8 miles from Bethel, used Bethel weather; Not tax on fuel"
98,Newtok,0,1,1.09,0.83,60.93775,-164.63298,0,0,4,6,4,4,6,,,,,0,0,,6.5,,,,,,,,,,,"Oct 2016 Weather and Location Data. fuel costs from 7/2021; elev. (at airstrip) from Ak. Wilderness Milepost 1989, HDD, dbT from Scammon Bay"
99,Nightmute,0,1,1.01,0.71,60.4776077,-164.719849,0,0,4,6,4,4,6,,,,,0,0,,6.5,,,,,,,,,0.02,,"Oct 2016 Weather and Location Data. fuel costs from 7/2021; elev. (at airstrip) from Ak. Wilderness Milepost 1989, HDD, dbT from Scammon Bay"
100,Nunapitchuk,0,1,1.01,0.91,60.89635,-162.460388,0,0,4,6,4,4,6,,,,,0,0,,5.15,,17.03,,,,,,,0.04,,"Oct 2016 Weather and Location Data. fuel costs from 7/2021; elev. From Ak. Wilderness Milepost 1989, weather from nearest: Bethel (26mi)"
101,Oscarville,0,1,1,1.02,60.7211456,-161.772888,0,0,4,6,4,4,6,,,,,0,0,13,4.25,,,,,,,,,,,"Oct 2016 Weather and Location Data. fuel costs from 7/2021 for Bethel; weather from nearest: Bethel (5 mi);"
102,Platinum,0,1,1.41,0.82,59.0074348,-161.812027,0,0,4,6,4,4,27,,,,,0,0,,3.81,,,,,,,,,,,"Oct 2016 Weather and Location Data. HDD, Temp, Elev from AEIDC Climatological Summary, 1939-64; Fuel from July 2019"
103,Quinhagak,0,1,1.21,1.1,59.75037,-161.8985,0,0,4,6,4,4,27,,,,,0,0,,5.25,,15.35,,,,,,,0.03,,"Oct 2016 Weather and Location Data. fuel costs from 7/2021;  elev. (at airstrip) from Ak. Wilderness Milepost 1989, HDD and dbT from nearest:Platinum"
104,"Toksook Bay",0,1,1.18,0.65,60.5337944,-165.112457,0,0,4,6,4,4,6,,,,,100,0,,5.75,,,,,,,,,,,"Oct 2016 Weather and Location Data. fuel costs from 7/2021; elev. (at airstrip) from Ak. Wilderness Milepost 1989, HDD, dbT from Chefornak"
105,Tuluksak,0,1,0.55,0.74,61.0987358,-160.9593,0,0,4,6,4,4,6,,,,,0,0,,6,,,,,,,,,,,"Oct 2016 Weather and Location Data. fuel costs from 6/2021; elev. (at airstrip) from Ak. Wilderness Milepost 1989, weather from Bethel; fuel 11/07"
106,Tuntutuliak,0,1,1,0.92,60.34221,-162.670044,0,0,4,6,4,4,6,,,,,0,0,,4.99,,,,,,,,,,,"Oct 2016 Weather and Location Data. fuel costs from 7/2021; elev. (at airstrip) from Ak. Wilderness Milepost 1989, weather from Bethel;"
107,Tununak,0,1,1.18,0.67,60.583725,-165.258331,0,0,4,6,4,4,6,,,,,0,0,,4.8,,10,,,,,,,,,"Oct 2016 Weather and Location Data. fuel costs from 1/2021; elev. (at airstrip) from Ak. Wilderness Milepost 1989, weather from Bethel"
108,Chuathbaluk,0,1,0.55,0.87,61.5765266,-159.24118,0,0,4,6,4,4,6,,,,,200,0,,5.7,,11.86,,,,,,,,,"Oct 2016 Weather and Location Data.                         Fuel costs from  7/2021;                                      elev. (at airstrip) from Alaska Wilderness Milepost 1989, HDD, dT,                                                                 wind from nearest: Aniak;"
109,"Crooked Creek",0,1,1,0.97,61.8689232,-158.129486,0,0,4,6,4,4,35,,,,,100,0,,6.5,,16.1,,,,,,,,,"Oct 2016 Weather and Location Data. Fuel costs from 7/2021; HDD, Temp, Elev from AEIDC Climatological Summary, 139-57;68-74; wind"
110,"Lime Village",0,1,1,0.89,61.3513756,-155.438583,0,0,4,6,4,4,35,,,,,600,0,,5.6,,15.89,,,,,,,,,"Oct 2016 Weather and Location Data. Fuel costs updated 7/2021; elev. From Ak. Wilderness Milepost 1989, temps -47-82, HDD, dbT from Sleetmute"
111,"Lower Kalskag",0,1,0.55,0.97,61.5133629,-160.3635,0,0,4,6,4,4,6,,,,,0,0,,5.5,,13.77,,,,,,,,,"Oct 2016 Weather and Location Data. fuel costs from 7/2021; elev.from Ak. Wilderness Milepost 1989,semi-arctic, HDD, dbT, wind from WERA nearest: Russian Mission;"
114,Sleetmute,0,1,1,1.03,61.69408,-157.16777,0,0,4,6,4,4,35,,,,,200,0,,5.6,,14.83,,,,,,,,,"Oct 2016 Weather and Location Data. fuel costs from 7/2021;    HDD, Temp, Elev from AEIDC Climatological Summary, 1957-63"
115,"Stony River",0,1,1,1.02,61.78878,-156.5892,0,0,4,6,4,4,35,,,,,200,0,,5.75,,,,,,,,,,,"Oct 2016 Weather and Location Data. fuel costs from 7/2021; HDD, Temp, Elev from AEIDC Climatological Summary, 1948-51;67-68"
116,"Upper Kalskag",0,1,0.55,0.97,61.542244,-160.320129,0,0,4,6,4,4,6,,,,,100,0,,5.5,,10.97,,,,,,,,,"Oct 2016 Weather and Location Data. fuel costs from 7/2021;  weather from nearest:Aniak, dT and wind from Bethel,elev.from Ak. Wilderness Milepost 1989,"
117,"Clark's Point",0,1,1,1.1,58.8342247,-158.550018,0,0,3,3,4,4,24,,,,,100,0,,3.6,,,,,,,,,0.06,,"Oct 2016 Weather and Location Data.  fuel for 8/2020; weather from nearest: Dillingham, elev. (at airstrip) from Alaska Wilderness Milepost 1989;"
118,Dillingham,0,1,0.66,1,59.046154,-158.527679,0,0,3,3,3,3,27,,,,,0,0,,4.41,,5.66,,,,,,,0.06,,"Oct 2016 Weather and Location Data. fuel costs from  7/2021; HDD, Temp, Elev from AEIDC Climatological Summary, 1922-87; wind from WERA map class;"
119,Ekwok,0,1,0.66,1.07,59.3577843,-157.4709,0,0,3,3,4,4,27,,,,,100,0,,5,,9.53,,,,,,,,,"Oct 2016 Weather and Location Data. fuel costs from 7/2021; elev.from Ak. Wilderness Milepost 1989, HDD, dbT, wind from nearest: Dillingham;"
120,Koliganek,0,1,0.66,1.14,59.72712,-157.287735,0,0,3,3,4,4,27,,,,,200,0,,5,,7.42,,,,,,,,,"Oct 2016 Weather and Location Data. Fuel prices from Village Council, 7/2021; elev. (at airstrip) from Ak. Wilderness Milepost 1989, weather from nearest: Dillingham;"
121,Manokotak,0,1,0.66,1.09,58.96822,-159.021454,0,0,3,3,4,4,27,,,,,0,0,,5,,,,,,,,,,,"Oct 2016 Weather and Location Data. fuel costs from 8/2021; elev. (at airstrip) from Ak. Wilderness Milepost 1989, HDD, dbT, wind from nearest: Dillingham; no sales tax on fuel"
122,"New Stuyahok",0,1,1,1.1,59.4511642,-157.319061,0,0,3,3,4,4,27,,,,,300,0,,5.96,,7.42,,,,,,,,,"Oct 2016 Weather and Location Data. fuel costs from 7/2021;  HDD, dbT, wind from Dillingham;"
123,Togiak,0,1,1,1.02,59.0600281,-160.391327,0,0,3,3,4,4,27,,,,,0,0,,4.41,,,,,,,,,0.02,,"Oct 2016 Weather and Location Data. fuel costs from 7/2021; HDD, dbT, wind from Dillingham;"
124,"Twin Hills",0,1,1,1.05,59.0730438,-160.283066,0,0,3,3,4,4,27,,,,,0,0,,6,,8.47,,,,,,,,,"Oct 2016 Weather and Location Data. fuel costs from 7/2021; weather from Dillingham"
125,"King Salmon",0,1,0.66,1.04,58.6983757,-156.68869,0,0,3,3,3,3,27,,,,,0,0,,3.05,,10.59,,,,,,,,,"Oct 2016 Weather and Location Data. fuel costs from 7/2021; Weather info in Weather database - DO NOT ENTER HERE;"
126,Naknek,0,1,1,1.12,58.74232,-156.953918,0,0,3,3,3,3,27,,,,,0,0,125,3.05,,10.59,,,,,,,,,"Oct 2016 Weather and Location Data. fuel costs from 7/2021; HDD, Temp, Elev from AEIDC Climatological Summary, 1948-55, wind m/s from WERA;"
127,"South Naknek",0,1,1,1.12,58.7124367,-157.0072,0,0,3,3,3,3,27,,,,,100,0,125,3,,,,,,,,,,,"Oct 2016 Weather and Location Data. fuel costs from 7/2018; information from Naknek data"
128,"Chignik Lake",0,1,0.4,1.49,56.2511444,-158.748688,0,0,2,2,3,3,11,,,,,100,0,,3.68,,,,,,,,,,,"Oct 2016 Weather and Location Data. fuel costs from  8/2020;  HDD,dbT, wind from nearest: Chignik;"
129,Egegik,0,1,1.21,1.22,58.21299,-157.359848,0,0,3,3,4,4,27,,,,,0,0,,2.7,,8.15,,,,,,,,,"Oct 2016 Weather and Location Data. fuel costs from 7/2021;  HDD, Temp, Elev from AEIDC Climatological Summary, 1971-73;wind from WERA map class,  elev. (at airstrip) from Ak. Wilderness Milepost 1989;"
130,Igiugig,0,1,0.98,0.89,59.3263664,-155.8974,0,0,3,3,3,3,24,,,,,100,0,,8.09,,10.17,,,,,,,,,"Oct 2016 Weather and Location Data. fuel costs from 7/2021; elev. (at airstrip) from Ak. Wilderness Milepost 1989, weather from nearest: Dillingham;"
131,Iliamna,0,1,1,0.98,59.7577934,-154.8481,0,0,3,3,3,3,24,,,,,100,0,,5.24,,6,,,,,,,,,"Oct 2016 Weather and Location Data. fuel costs from 1/2021  flown in; HDD, Temp, Elev from AEIDC Climatological Summary, 1941-73;75-87, wind m/s from WERA;"
133,Kokhanok,0,1,1,1.04,59.4390259,-154.768082,0,0,3,3,3,3,24,,,,,100,0,131,7,,7.41,,,,,,,,,"Oct 2016 Weather and Location Data. fuel costs from 7/2021; HDD, Temp, Elev from AEIDC Climatological Summary, 1955-59;"
134,Levelock,0,1,1,1.05,59.111,-156.861877,0,0,3,3,4,4,27,,,,,100,0,,6.5,,9.53,,,,,,,,,"Oct 2016 Weather and Location Data. fuel costs from  7/2021; elev. From Ak. Wilderness Milepost 1989, HDD, dbT, wind from Dillingham;"
135,Newhalen,0,1,1,1,59.72745,-154.890808,0,0,3,3,4,4,24,,,,,100,0,131,5.24,,6,,,,,,,0.02,0.03,"Oct 2016 Weather and Location Data. fuel costs from 1/2021; elev.from Ak. Wilderness Milepost 1989, weather from closest: Iliamna"
136,Nondalton,0,1,0.61,0.93,59.9648438,-154.855164,0,0,3,3,3,3,24,,,,,300,0,,5.29,,8.9,,,,,,,0.03,,"Oct 2016 Weather and Location Data. fuel costs from 8/2020; elev. From Ak. Wilderness Milepost 1989, weather from closest: Iliamna;"
137,"Pedro Bay",0,1,0.61,0.87,59.7831764,-154.115829,0,0,3,3,3,3,24,,,,,100,0,,3.63,,6.44,,,,,,,,,"Oct 2016 Weather and Location Data. fuel costs from 1/2021; weather from nearest: Iliamna;"
138,Perryville,0,1,1.62,1.05,55.9138,-159.1576,0,0,3,3,4,4,28,,,,,0,0,,3.06,,9.2,,,,,,,,,"Oct 2016 Weather and Location Data. fuel costs from 7/2021 weather from Chignik;"
139,"Pilot Point",0,1,1.21,0.93,57.5584526,-157.571426,0,0,3,3,4,4,27,,,,,0,0,,4.5,,4.75,,,,,,,0,,"Oct 2016 Weather and Location Data. fuel costs from 7/2021;Temp, Elev from AEIDC Climatological Summary, 1939-45; fuel prices from 6/2008 survey (Valerie Jefferies [valerieorloff@yahoo.com])"
140,"Port Alsworth",0,1,1,1,60.20241,-154.32016,0,0,3,3,3,3,40,,,,,300,0,,,,,,,,,,,,,"Oct 2016 Weather and Location Data. HDD, Temp, Elev from AEID CClimatological Summary, 1960-87, from WERA map class"
141,"Port Heiden",0,1,0.79,1.34,56.9315338,-158.621582,0,0,3,3,4,4,11,,,,,100,0,,4.5,,10.59,,,,,,,,,"Oct 2016 Weather and Location Data. fuel costs from 7/2021; HDD, Temp, Elev from AEIDC Climatological Summary, 1957-87;  design temp and wind from WERA"
142,Ugashik,0,1,1,0.94,57.50456,-157.39537,0,0,3,3,3,3,27,,,,,0,0,,5.5,,12.92,,,,,,,,,"Oct 2016 Weather and Location Data. Fuel hauled from Pilot Point includes $1/gal hauling fee;  fuel costs from 7/2021 elev. From Ak. Wilderness Milepost 1989, weather from Port Heiden"
143,"False Pass",0,1,0.73,1.46,54.85296,-163.418518,0,0,2,3,3,3,11,,,,,0,0,,3.62,,8,,,,,,,,,"Oct 2016 Weather and Location Data. 3% sales tax not used for fuel; fuel costs from 7/2021; elev.from Ak. Wilderness Milepost 1989, weather from nearest: Cold Bay;  NO SALES TAX ON FUEL"
144,"King Cove",0,1,1.13,1,55.0541229,-162.306152,0,0,2,3,4,4,11,,,,,0,0,,3.81,,,,,,,,,0.06,,"Oct 2016 Weather and Location Data. fuel costs from 7/2021; elev. (at airstrip) from Ak. Wilderness Milepost 1989, weather from nearest: Cold Bay;"
145,"Nelson Lagoon",0,1,0.85,1.45,56.0006943,-161.204239,0,0,2,3,4,4,11,,,,,0,0,,5.25,,8.47,,,,,,,,,"Oct 2016 Weather and Location Data. fuel costs from 7/2021 ; elev. (at airstrip) from Ak. Wilderness Milepost 1989, HDD, dbT, wind from Sand Point;"
146,"Sand Point",0,1,0.73,1.39,55.3423653,-160.491058,0,0,2,3,4,4,11,,,,,100,0,,4.35,4.35,9.54,,,,,,,0.04,,"Oct 2016 Weather and Location Data. fuel costs from 7/2021; HDD, Temp, Elev from AEIDC Climatological Summary, 1980-87, wind nearest Cold Bay; oil from 11/03 survey and propane costs from ISER survey May 1993;"
147,Nikolski,0,1,1.33,1.24,52.9407043,-168.863617,0,0,2,3,3,3,16,,,,,0,0,,,,,,,,,,,,,"Oct 2016 Weather and Location Data. Wind m/s from WERA, HDD and dT from BEES,elev. From Ak. Wilderness Milepost 1989,"
148,"Saint George",0,1,0.95,0.59,56.6018753,-169.603119,0,0,2,3,5,5,43,,,,,0,0,,,6.95,,,,,,,,,,"Oct 2016 Weather and Location Data. fuel costs from 7/2021; No sales tax on fuel;  HDD, Temp, Elev from AEIDC Climatological Summary, 1954-60, wind and dT from nearest: St. Paul;"
149,"Saint Paul",0,1,1,1,57.1298561,-170.275726,0,0,2,3,5,5,43,,,,,0,0,,3.65,3.65,,,,,,,,0.03,,"Oct 2016 Weather and Location Data. fuel costs from 7/2021; Weather info in Weather database - DO NOT ENTER HERE;"
151,Unalaska,0,1,1,1,53.87313,-166.525314,0,0,2,3,3,3,16,,,,,0,0,,3.59,3.59,5.97,,,,,,,0.03,,"Oct 2016 Weather and Location Data. fuel costs from 7/2021; HDD, Temp, Elev from AEIDC Climatological Summary, 1922-87Degree days, design temp from BEES Appendix, wind nearest Adak; oil and propane costs from Rural CAP Raven Americorp 3/2001"
152,Anvik,0,1,0.55,1,62.651474,-160.194931,0,0,4,4,5,5,6,,,,,200,0,,5,,9.53,,,,,,,,,"Fuel costs from 7/2021; Elev. And weather city from Alaska Wilderness Milepost 1989, weather from nearest: Holy Cross, dT from Bethel, wind from nearest: Aniak;"
153,Grayling,0,1,0.55,0.99,62.9097061,-160.071,0,0,4,4,4,4,6,,,,,100,0,,5,,,,,,,,,,,"Oct 2016 Weather and Location Data. fuel costs from 1/2021;  HDD, Temp, Elev from McGrath;"
154,"Holy Cross",0,1,0.55,0.91,62.2033272,-159.779846,0,0,4,4,4,4,6,,,,,400,0,,6.05,,10.17,,,,,,,,,"Oct 2016 Weather and Location Data. fuel costs from 7/2021; HDD, Temp, Elev from AEIDC Climatological Summary, 1915-76, wind nearest Aniak"
155,McGrath,0,1,1,1,62.9469681,-155.579269,0,0,4,4,3,3,35,,,,,300,0,,6.54,,8.26,,,,,,,,,"Oct 2016 Weather and Location Data. fuel costs from  7/2021; Weather info in Weather database - DO NOT ENTER HERE;"
156,Nikolai,0,1,1,0.91,63.01546,-154.378662,0,0,4,4,4,4,35,,,,,400,0,,8,,9.53,,,,,,,,,"Oct 2016 Weather and Location Data. fuel costs from 7/2021; HDD, Temp, Elev from AEIDC Climatological Summary, 1970-76, wind nearest Mcgrath"
157,Shageluk,0,1,0.55,0.99,62.65226,-159.525558,0,0,4,4,4,4,6,,,,,100,0,,5.5,,,,,,,,,,,"Oct 2016 Weather and Location Data. fuel costs from 7/2021; HDD,dbT and wind from nearest: Holy Cross"
158,Takotna,0,1,1,1.01,62.9839172,-156.0923,0,0,4,4,4,4,35,,,,,700,0,,4.17,,,,,,,,,,,"Oct 2016 Weather and Location Data. All weather from nearest:McGrath (14 mi); Fuel survey Jan 2019 - fuel delivered once a year in the fall"
159,Beaver,0,1,1,1.12,66.3645859,-147.394913,0,0,4,4,5,5,38,,,,,400,0,,4.5,,7.94,,,,,,,,,"fuel price from 7/2020 - Evert's Flying Service; dT from BEES,Elev.(at airstrip) from Alaska Wilderness Milepost 1989, HDD, dbT and wind from nearest: Bettles"
160,"Birch Creek",0,1,1,1.13,66.26164,-145.817947,0,0,4,4,5,5,38,,,,,400,0,161,3.5,,,,,,,,,,,"8/2020 fuel prices; Weather and Location Data. Weather from nearest: Ft. Yukon"
161,"Fort Yukon",0,1,1,1.07,66.56494,-145.246429,0,0,4,4,4,4,38,,,,,400,0,,5.39,,,,,,,,,0.03,,"Oct 2016 Weather and Location Data. fuel costs from  7/2021;  HDD, Temp, Elev from AEIDCClimatological Summary, 1922-87, wind m/s from WERA, dT from BEES;"
162,Venetie,0,1,1,1.2,67.015686,-146.411087,0,0,4,4,5,5,7,,,,,600,0,,8.5,,14.83,,,,,,,,,"Oct 2016 Weather and Location Data. fuel costs from 7/2021;  HDD, Temp, Elev from AEIDC Climatological Summary, 1962-66"
163,Alatna,0,1,1,1.08,66.56186,-152.709045,0,0,4,4,4,4,7,,,,,500,0,,7,7,12.92,,,,,,,,,"Weather and Location Data. fuel costs from 7/2021; weather from nearest: Allakaket, dT from Bettles;"
164,Evansville,0,1,1,1,66.91988,-151.496552,0,0,4,4,4,4,7,,,,,600,0,14,7.45,,,,,,,,,,,"Oct 2016 Weather and Location Data. fuel costs from  8/2020; weather from nearest: Bettles"
165,Galena,0,1,1,0.98,64.74309,-156.8657,0,0,4,4,3,3,46,,,,,100,0,,5.02,,10.03,,,,,,,0.03,,"Oct 2016 Weather and Location Data. fuel costs from  7/2021; HDD, Temp, Elev from AEIDC Climatological Summary, 1949-87;"
166,Hughes,0,1,1,1.09,66.0420761,-154.251541,0,0,4,4,4,4,46,,,,,300,0,,9,,13.35,,,,,,,,,"Oct 2016 Weather and Location Data. fuel costs from  7/2021; HDD, Temp, Elev from AEIDC Climatological Summary, 1941-70;"
167,Huslia,0,1,1,1.06,65.70224,-156.386551,0,0,4,4,4,4,46,,,,,200,0,,6.25,,8.47,,,,,,,,,"Oct 2016 Weather and Location Data. fuel costs from 7/2021; weather from nearest: Hughes;"
168,Kaltag,0,1,1,1.05,64.32466,-158.729172,0,0,4,4,4,4,35,,,,,100,0,,4.25,,8.47,,,,,,,,,"Oct 2016 Weather and Location Data. fuel costs from  7/2021; elev.from Ak. Wilderness Milepost 1989, weather from nearest: Nulato"
169,Koyukuk,0,1,1,1.04,64.88212,-157.70784,0,0,4,4,5,5,35,,,,,100,0,,6.5,,8.47,,,,,,,,,"Oct 2016 Weather and Location Data. fuel costs from 7/2021; elev. From Ak. Wilderness Milepost 1989, dbT from Nulato;"
170,Minchumina,0,1,1,0.96,63.8955231,-152.2896,0,0,4,4,4,4,48,,,,,700,0,,,,,,,,,,,,,"Oct 2016 Weather and Location Data. HDD, Temp, Elev from AEIDC Climatological Summary, 1967-69;75-87"
171,"Manley Hot Springs",0,1,1,1.08,64.99541,-150.633484,0,0,4,4,3,3,46,,,,,300,0,,3.31,,6.48,,,,,,,,,"Oct 2016 Weather and Location Data. fuel costs from 1/2021; HDD, Temp, Elev from AEIDC Climatological Summary, 1930-87, wind nearest Tanana;          Propane is from Suburban Propane and is average price of those with own tanks and with rentals, existing customers"
172,Minto,0,1,1,1.05,65.15057,-149.3551,0,0,4,4,4,4,19,,,,,400,0,,4.15,,,,,,,,,,,"Oct 2016 Weather and Location Data. fuel costs from 7/2021 elev. From Ak. Wilderness Milepost 1989, HDD, dbT from Rampart"
173,Nulato,0,1,1,1.07,64.73174,-158.1119,0,0,4,4,4,4,35,,,,,200,0,,4.7,,8.69,,,,,,,,,"Oct 2016 Weather and Location Data. fuel costs from 7/2021; Temp, Elev from AEIDCClimatological Summary, 1922-24;31-44,"
174,Rampart,0,1,1,1.02,65.5100861,-150.152481,0,0,4,4,4,4,46,,,,,300,0,,5,,,,,,,,,,,"Oct 2016 Weather and Location Data. Fuel costs fro 8/2020; HDD, Temp, Elev from AEIDC Climatological Summary, 1963-70;75-78"
175,Ruby,0,1,1,0.97,64.73418,-155.4847,0,0,4,4,4,4,46,,,,,300,0,,4.75,,9.75,,,,,,,,,"Oct 2016 Weather and Location Data. fuel costs from 7/2021; Temp, Elev from AEIDC Climatological Summary, 1922-42, HDD from McGrath;"
176,"Stevens Village",0,1,1,1.15,66.00802,-149.093246,0,0,4,4,4,4,7,,,,,300,0,,4.5,,,,,,,,,,,"Oct 2016 Weather and Location Data. HDD, dbT from Rampart; fuel update 2/2020"
177,Tanana,0,1,1,1,65.1726456,-152.067108,0,0,4,4,2,2,46,,,,,200,0,,3.25,,8.68,,,,,,,,,"Oct 2016 Weather and Location Data. SALES TAX DOES NOT ncl  fuel costs from 1/2021; HDD, Temp, Elev from AEIDC Climatological Summary, 1922-87, wind m/s from WERA, dT from BEES"
178,Wiseman,0,1,1,0.99,67.4114,-150.121582,0,0,4,4,4,4,7,,,,,1300,0,,3.89,,,,,,,,,,,"Oct 2016 Weather and Location Data. HDD from AEIDC Climatological Summary, 1936-52; fuel update 7.2021"
179,"Dot Lake",0,1,1,0.94,63.6433868,-144.043518,0,0,4,4,3,3,8,,,,,1500,0,,3,,,,,,,,,,,"Oct 2016 Weather and Location Data. fuel costs from  7/2021; HDD, Temp, Elev from AEIDC Climatological Summary, 1965-74;wind from WERA map class"
181,Eagle,0,1,1,0.99,64.78451,-141.200867,0,0,4,4,3,3,17,,,,,900,0,,4.5,,5,,,,,,,,,"Oct 2016 Weather and Location Data. fuel costs from 7/2021; HDD, Temp, Elev from AEIDC Climatological Summary, 1972-87;"
182,Healy,0,1,1,0.86,63.9011879,-149.047852,0,0,4,4,2,2,13,,,,,1400,0,,2.65,,,,,,,,,,,"Oct 2016 Weather and Location Data. fuel costs from  7/2021;  HDD, Temp, Elev from AEIDC Climatological Summary, 1976-87, wind from WERA map class;   Propane is average price of thise with own tanks an with rentals"
183,Northway,0,1,1,1,62.9645348,-141.868164,0,0,4,4,3,3,39,,,,,1700,0,,3,,,,,,,,,,,"Oct 2016 Weather and Location Data. fuel costs from 7/2021 ; HDD, Temp, Elev from AEIDC Climatological Summary, 1949-87, wind m/s from WERA, dT from BEES"
184,Tanacross,0,1,1,0.97,63.3625755,-143.396515,0,0,4,4,2,2,47,,,,,1500,0,,2.9,,2.75999045,,,,,,,,,"Oct 2016 Weather and Location Data. fuel costs from 7/2021; HDD, Temp, Elev from AEIDC Climatological Summary, 1941-67, wind and dT from nearest :Tok"
185,Tetlin,0,1,1,1.04,63.1371231,-142.5264,0,0,4,4,3,3,39,,,,,1600,0,,3,,2.85,,,,,,,,,"Oct 2016 Weather and Location Data. fuel costs from 7/2021; weather and wind from nearest: Tok"
186,Tok,0,1,1,1,63.3342,-143.041672,0,0,4,4,3,3,47,,,,,1600,0,,2.9,,3.6,,,,,,,,,"Oct 2016 Weather and Location Data. fuel costs from 7/2021; HDD, Temp, Elev from AEIDC Climatological Summary, 1954-87Degree days, design temp from BEES, wind from WERA map class;"
188,Haines,0,1,1,1.21,59.2358246,-135.450348,0,1,1,1,2,2,25,,,,,100,0,,3.5,3.48,3.5,,,,,,,0.055,,"Oct 2016 Weather and Location Data. fuel costs from 7/2021; HDD, Temp, Elev from AEIDC Climatological Summary, 1973-87, wind m/s from WERA;"
189,"Elfin Cove",0,1,1.78,0.84,58.19248,-136.331009,0,0,1,1,3,3,52,,,,,900,0,,4.15,4.03,6.78,,,,,,,,,"Oct 2016 Weather and Location Data. fuel costs from 8/20; HDD, Temp, Elev from AEIDC Climatological Summary, 1975-87"
190,Gustavus,0,1,1,1,58.42194,-135.739685,0,0,1,1,3,3,4,,,,,0,0,,3.78,,4.07,,,,,,,0.03,,"Oct 2016 Weather and Location Data. fuel costs from  8/2021; HDD, Temp, Elev from AEIDC Climatological Summary, 1977-87, wind m/s from WERA;"
191,Hoonah,0,1,1,1.04,58.10911,-135.4332,0,0,1,1,3,3,4,,,,,200,0,,3.87,,,,,,,,,0.065,,"Oct 2016 Weather and Location Data. fuel costs from  7/2021; HDD,  Elev from AEIDC Climatological Summary, 1979-87, wind from WERA map class;"
192,Pelican,0,1,1,1,57.96,-136.22699,0,0,1,1,3,3,4,,,,,200,0,,4,,5.59,,,,,,,0.04,,"Oct 2016 Weather and Location Data. fuel costs from 7/2021; HDD, Temp, Elev from AEIDCClimatological Summary, 1967-87, wind from WERA map class;"
193,Yakutat,0,1,1,0.99,59.54672,-139.728058,0,0,1,1,2,2,52,,,,,100,0,,4.51,4.51,,,,,,,,0,0.05,"Oct 2016 Weather and Location Data. fuel costs from 7/2021; Weather from NOAA LCD Summary 1990; design temp from Western Sun; fuel prices from Delta Western, 11/03  survey; AVEC took over electricity June 2017"
194,Klukwan,0,1,1,1.27,59.39938,-135.894531,0,0,1,1,3,3,25,,,,,200,0,,3.5,3.48,3.5,,,,,,,,0.055,"Oct 2016 Weather and Location Data. fuel costs from 7/2021; for Haines; wind from WERA map class, HDD and dbT from BEES"
195,Skagway,0,1,1,1.29,59.4616661,-135.310272,0,1,1,1,2,2,25,,,,,0,0,,3.45,3.43,4,,,,,,,0,,"Oct 2016 Weather and Location Data. fuel costs from 7/2021; HDD, Temp, Elev from AEIDC Climatological Summary, 65-72;1982-87, wind from WERA map class;"
199,"Tenakee Springs",0,1,1,1.13,57.7808075,-135.21846,0,0,1,1,3,3,25,,,,,100,0,,3.33000183,3.33,4.16,,,,,,,,,"Oct 2016 Weather and Location Data. fuel costs from 7/2021; HDD, Temp, Elev from AEIDC Climatological Summary, 1969-83wind from WERA map class;"
200,"Juneau, Airport",0,1,1,1,58.35702,-134.534332,0,1,1,1,1,1,4,,,,,0,0,292,2.41,2.41,3.45,,,,,,,0.05,,"Oct 2016 Weather and Location Data. fuel costs from  1/2021; Weather info in Weather database - DO NOT ENTER HERE;"
201,Sitka,0,1,1,0.97,57.06306,-135.337387,0,1,1,1,2,2,42,,,,,100,0,,3.06,3.06,,,,,,,,0.05,,"Oct 2016 Weather and Location Data. fuel costs from 7/2021 HDD, Temp, Elev from AEIDC Climatological Summary, 1922-87, wind m/s from WERA; oil and propane costs from average of survey, 11/01 phone survey; spruce from RHD survey, 8//94; no birch available"
202,Wrangell,0,1,1,1,56.420826,-132.352631,0,1,1,1,3,3,51,,,,,0,0,,3.04,3.04,,,,,,,,0,0.07,"Oct 2016 Weather and Location Data. fuel costs from 7/2021;  HDD, Temp, Elev from AEIDC Climatological Summary, 1922-87;"
203,Kake,0,1,1,0.97,56.9754562,-133.939041,0,0,1,1,3,3,32,,,,,100,0,,4.43,,,,,,,,,0.05,,"Oct 2016 Weather and Location Data. fuel costs from  1/2021; HDD, Temp, Elev from AEIDC Climatological Summary,1922-36; 1972-87, wind from WERA map class; oil rates from Kake Tribal Fuel (785-6427) Propane from Arrowhead LP Gas (785-3156)"
204,Petersburg,0,1,1,0.99,56.8050842,-132.9572,0,1,1,1,2,2,51,,,,,0,0,,3.04,,3.1,,,,,,,0.06,,"Oct 2016 Weather and Location Data. fuel costs from 7/2021; HDD, Temp, Elev from AEIDC Climatological Summary, 1937-83,83-87 avg, wind m/s from WERA; oil from Petro Marine 11/01 phone survey"
205,"Port Alexander",0,1,1,1.01,56.25007,-134.650681,0,0,1,1,3,3,32,,,,,0,0,,4.06,4.06,,,,,,,,0.04,,"Oct 2016 Weather and Location Data. fuel costs from 1/2021; City says their prices are Sitka prices plus $.30 in summer and $.50 in winter; propane is $25 freight per 100 lb tank from Sitka;  HDD, Temp, Elev from AEIDC Climatological Summary, 1949-63,78-87 1"
207,Ketchikan,0,1,1,1.08,55.3522339,-131.66832,0,1,1,1,1,1,51,,,,,500,0,,3.02,2.97,3.22,,,,,,,0.035,0.025,"Oct 2016 Weather and Location Data. fuel costs from  7/2021; Weather info in Weather database - DO NOT ENTER HERE; design temp from Annette;"
208,Saxman,0,1,1,1.01,55.32103,-131.5987,0,0,1,1,1,1,3,,,,,100,0,207,3.02,2.97,3.22,,,,,,,0.04,0.025,"Oct 2016 Weather and Location Data. fuel costs from 7/2021; HDD, dbtT from nearest:Ketchikan; fuel prices from Ketchikan"
209,"Ward Cove",0,1,1,0.98,55.4115753,-131.724335,0,1,1,1,1,1,3,,,,,200,0,207,3.02,2.92,3.1,,,,,,,0.035,0.025,"Oct 2016 Weather and Location Data. fuel costs from 7/2021; HDD, dbT, wind from nearest: Ketchikan"
210,Metlakatla,0,1,1,1.02,55.12387,-131.577621,0,1,1,1,3,3,3,,,,,0,0,207,3.7,3.75,5,,,,,,,,,"Oct 2016 Weather and Location Data. fuel costs from 7/2021; wind m/s from WERA"
211,Hyder,0,1,1,1.17,55.9190254,-130.0288,0,0,1,1,3,3,25,,,,,100,0,,,,,,,,,,,,,"Oct 2016 Weather and Location Data. weather from nearest: Ketchikan"
213,Hollis,0,1,1,1.09,55.4835854,-132.6699,0,0,1,1,3,3,51,,,,,0,0,,3.07,3.04,3.2,,,,,,,,,"Oct 2016 Weather and Location Data. fuel costs from  7/2021 survey; HDD, Temp, Elev from AEIDC Climatological Summary, 1949-50,52-64,87, wind from WERA map class;"
214,Craig,0,1,1,1,55.47607,-133.138168,0,1,1,1,3,3,3,,,,,0,0,,3.07,3.07,3.2,,,,,,,0.05,,"Oct 2016 Weather and Location Data. fuel costs from  7/2021; HDD, Temp, Elev from AEIDC Climatological Summary, 1936-53; wind from WERA map class;"
215,Hydaburg,0,1,1,1.12,55.20735,-132.824585,0,0,1,1,3,3,42,,,,,0,0,,3.07,3.04,3.2,,,,,,,0.06,,"Oct 2016 Weather and Location Data. fuel costs from  7/2021 survey; Temp, Elev from AEIDCClimatological Summary, 1923-32, wind from WERA map class;"
216,Kasaan,0,1,1,1.07,55.54389,-132.411957,0,1,1,1,3,3,51,,,,,100,0,,2.94,2.9,2.92,,,,,,,,,"Oct 2016 Weather and Location Data. fuel costs from 3/2021 survey; weather from nearest: Hollis"
217,Klawock,0,1,1,1.09,55.5547867,-133.087646,0,1,1,1,3,3,51,,,,,0,0,,3.07,3.04,2.92,,,,,,,0.055,,"Oct 2016 Weather and Location Data. fuel costs from  7/2021 survey; Temp, Elev from AEIDC Climatological Summary, 1908-87, wind from WERA map class,"
223,"Point Baker",0,1,1,1.06,56.3485947,-133.616638,0,0,1,1,2,2,32,,,,,100,0,,5.35,,5,,,,,,,,,"Oct 2016 Weather and Location Data. fuel costs from 7/2021; dbT from Port Protection (2 mi);"
226,"Port Protection",0,1,1,1.06,56.32216,-133.606079,0,0,1,1,2,2,32,,,,,100,0,,5.35,,5,,,,,,,,,"Oct 2016 Weather and Location Data. 2 mi from Point Baker on NW Prince of Wales Is.,HDD, Temp, Elev from AEIDC Climatological Summary, 1983-87; fuel prices from Point Baker 8/2020"
227,"Thorne Bay",0,1,1,1.06,55.67343,-132.52507,0,1,1,1,3,3,51,,,,,0,0,,3.07,3.04,2.82,,,,,,,0.06,,"Oct 2016 Weather and Location Data. fuel costs from 7/2021;  HDD, dbT, wind from Hollis; oil and propane prices from fuel suppliers: 3/98"
229,Chistochina,0,1,1,0.96,62.58163,-144.654022,0,0,4,4,3,3,21,,,,,1900,0,,2.8,,3.66,,,,,,,,,"Oct 2016 Weather and Location Data.                    Fuel costs from  7/2021;                                      HDD, dbT from nearest: Gakona;"
230,Gakona,0,1,1,0.99,62.3082542,-145.25589,0,0,4,4,3,3,21,,,,,1700,0,,2.8,,3.66,,,,,,,,,"Oct 2016 Weather and Location Data. fuel costs from 7/2021 survey"
231,Glennallen,0,1,1,1,62.10936,-145.562515,0,0,4,4,2,2,21,,,,,1400,0,,2.68,,3.66,,,,,,,,,"Oct 2016 Weather and Location Data. fuel costs from 7/2021; HDD, Temp, Elev from AEIDC Climatological Summary, 1965-87, wind nearest Gulkana; oil and propane from Fisher Fuel in 11/01 phone survey"
232,Gulkana,0,1,1,1,62.269352,-145.379959,0,0,4,4,3,3,21,,,,,1400,0,,2.8,,4,,,,,,,,,"Oct 2016 Weather and Location Data. fuel costs from  7/2021; Weather info in Weather database - DO NOT ENTER HERE;"
233,"Kenny Lake",0,1,1,0.92,61.7205048,-144.912308,0,0,4,4,3,3,21,,,,,1300,0,,2.74,,2.75,,,,,,,,,"Oct 2016 Weather and Location Data. fuel costs from  7/2021; HDD, Temp, Elev from AEIDC Climatological Summary, 1961-69;"
234,McCarthy,0,1,1,0.94,61.4270668,-142.929047,0,0,4,4,3,3,21,,,,,1400,0,,2.68,,4.67,,,,,,,,,"Oct 2016 Weather and Location Data. fuel costs from 7/2021; HDD, Temp, Elev from AEIDC Climatological Summary, 1968-76,76-83,83-87 averaged, wind from WERA map class"
235,"Mentasta Lake",0,1,1,0.97,62.9364357,-143.717148,0,0,4,4,3,3,36,,,,,2300,0,,2.8,,3.76,,,,,,,,,"Oct 2016 Weather and Location Data. fuel costs from 7/2021; 38 miles SW of Tok, weather from Tok;"
236,Paxson,0,1,1,0.97,63.02329,-145.51384,0,0,4,4,3,3,21,,,,,2600,0,,2.85,,3.66,,,,,,,,,"Oct 2016 Weather and Location Data. HDD, Temp, Elev from AEIDC Climatological Summary, 1975-87, wind from WERA map class; fuel prices from 7/2021"
237,Slana,0,1,1,0.95,62.7039833,-143.892517,0,0,4,4,4,4,21,,,,,2200,0,,2.8,,3.66,,,,,,,,,"Oct 2016 Weather and Location Data. fuel costs from 7/2021; HDD, Temp, Elev from AEIDC Climatological Summary, 1957-75,78-87"
238,Tazlina,0,1,1,0.99,62.06223,-145.422684,0,0,4,4,3,3,21,,,,,1100,0,,2.8,,3.66,,,,,,,,,"Oct 2016 Weather and Location Data. fuel costs from 7/2021; HDD, dbT, wind from Glenallen"
239,Tonsina,0,1,1,0.89,61.6607361,-145.181671,0,0,2,2,3,3,21,,,,,1500,0,,2.8,,3.66,,,,,,,,,"Oct 2016 Weather and Location Data. fuel costs from 7/2021; HDD, Temp, Elev from AEIDC Climatological Summary, 1963-87"
240,Eyak,0,1,2.51,1.07,60.5646858,-145.7019,0,0,2,2,3,3,15,,,,,1900,1,38,2.76,,3.99,,,,,,,,,"Oct 2016 Weather and Location Data. weather from nearest: Valdez"
241,Chenega,0,1,1,1.14,60.06969,-148.0092,0,0,2,2,3,3,33,,,,,200,0,286,5.52,5.52,,,,,,,,,,"Oct 2016 Weather and Location Data. fuel costs from  7/2021; HDD,dbT, dT from Seward, Wind from Cordova"
242,Tatitlek,0,1,1,1.07,60.873848,-146.6838,0,0,2,2,3,3,10,,,,,100,0,,,,,,,,,,,,,"Oct 2016 Weather and Location Data. weather data from nearest: Valdez,elev. (at airstrip) from Ak. Wilderness Milepost 1989"
243,Valdez,0,1,1,0.99,61.12579,-146.28566,0,0,2,2,2,2,49,,,,,0,0,,3.56,,4.95,,,,,,,,,"Oct 2016 Weather and Location Data. fuel costs from 7/2021;  HDD, Temp, Elev from NOAA 1990 Comparative Summary;"
244,Whittier,0,1,1,0.96,60.7732124,-148.682709,0,0,2,2,2,2,10,,,,,0,0,1,3.4,,6.48,,,,,,,0.05,,"Oct 2016 Weather and Location Data. fuel costs from 7/2021; HDD, Temp, Elev from AEIDC Climatological Summary, 1942-73,82-87;"
245,"English Bay/Nanwal",0,1,1.35,0.92,59.3554649,-151.919846,0,0,2,2,2,2,23,,,,,100,0,,4.65,,,,,,,,,,,"Oct 2016 Weather and Location Data. fuel costs from 7/2021; weather from nearest: Seldovia"
246,"Port Graham",0,1,1,0.92,59.34948,-151.832748,0,0,2,2,3,3,23,,,,,100,0,,3.82,,,,,,,,,,0.03,"Oct 2016 Weather and Location Data. fuel costs from 7/2021; HDD, dbT, and wind from nearest: Seldovia, elev. (at airstrip) from Ak. Wilderness Milepost 1989,"
247,Seward,0,1,1,1,60.1113625,-149.435715,0,0,2,2,1,1,41,,,,,0,0,,2.78,,3.35,,,,,,,0.04,0.03,"Oct 2016 Weather and Location Data. fuel costs from 7/2021; HDD, Temp, Elev from AEIDC Climatological Summary, 1930-87, wind nearest Cordova, dT from BEES;  Propane is from Suburban Propane and is average price of those with own tanks and with rentals, existing customers"
248,"Anchor Point",0,1,1,0.98,59.7654152,-151.785263,0,0,2,2,1,1,22,,,,,200,0,,2.77,,6.75,,,,,,,,0.03,"Oct 2016 Weather and Location Data;. fuel costs from 7/2021 ;  Elev. From Alaska Wilderness Milepost 1989, weather from nearest: Homer;           Propane is average for delivered to those with own tank and those who rent tank, new and existing customer, and amt ordered."
249,"Clam Gulch",0,1,1,1.03,60.21518,-151.4125,0,0,2,2,2,2,26,,,,,300,0,,2.61,,6.75,,,,,,,,0.03,"Oct 2016 Weather and Location Data. fuel costs from  7/2021; HDD, dT from BEES; wind, dbTfrom nearest- Kenai;   Propane is average price of thise with own tanks an with rentals"
257,Homer,0,1,1,1.02,59.6522942,-151.53,0,0,2,2,1,1,22,,,,,300,0,,2.51,,3.35,,,,,,,0.0485,0.03,"Oct 2016 Weather and Location Data. fuel costs from  7/2021 survey; Weather info in Weather database - DO NOT ENTER HERE;  Propane is from Suburban Propane and is average price of those with own tanks and with rentals, existing customers"
258,Hope,0,1,1,0.96,60.90623,-149.623276,0,0,2,2,2,2,14,,,,,100,0,,2.82,,6.75,,,,,,,,0.03,"Oct 2016 Weather and Location Data. fuel costs from  7/2021 delivered from Seward Shoreside Petroleum; weather from AEIDC:1979-87; wind from WERA;     Propane is from Suburban Propane and is average price of those with own tanks and with rentals, existing customers"
261,Kasilof,0,1,1,1.06,60.3330956,-151.243729,0,0,2,2,1,1,26,,,,,200,0,262,2.7,,5,,,,,,,,0.03,"Oct 2016 Weather and Location Data. fuel costs from 7/2021;         Propane is from Suburban Propane and is average price of those with own tanks and with rentals, existing customers;                                     HDD, Temp, Elev from AEIDC Climatological Summary, 1951-87, wind nearest Kenai;"
262,Kenai,0,1,1,1,60.5598221,-151.231964,0,0,2,2,1,1,26,,,,,100,0,,2.69,,5,,,,,,,0.03,0.03,"Fuel from7/2021;  Propane is from Suburban Propane and is average price of those with own tanks and with rentals, existing customers                                                              HDD, Temp, Elev from AEIDC Climatological Summary, 1943-87, m/s from WERA;"
263,"Moose Pass",0,1,1,0.87,60.50188,-149.424408,0,0,2,2,2,2,14,,,,,500,0,247,2.78,,6.75,,,,,,,,0.03,"Oct 2016 Weather and Location Data. fuel costs from 7/2021; HDD, Temp, Elev from AEIDC Climatological Summary, 1952-54,66-78-83-87, wind from WERA map class;  Propane is from Suburban Propane and is average price of those with own tanks and with rentals, existing customers"
264,Nikiski,0,1,1,0.96,60.69949,-151.286041,0,0,2,2,1,1,26,,,,,100,0,,2.69,,6.75,,,,,,,,0.03,"Oct 2016 Weather and Location Data. fuel costs from 7/2021;  HDD, Temp, Elev from AEIDC Climatological Summary, 1967-78;       Propane is from Suburban Propane and is average price of those with own tanks and with rentals, existing customers"
265,Nikolaevsk,0,1,1.35,0.99,59.8056679,-151.625427,0,0,2,2,1,1,22,,,,,700,0,,2.8,,,,,,,,,,0.03,"Oct 2016 Weather and Location Data. fuel costs from 7/2021; weather from Ninilchik"
266,Ninilchik,0,1,1,0.99,60.0539474,-151.58107,0,0,2,2,1,1,26,,,,,200,0,270,2.77,,6.75,,,,,,,,0.03,"Oct 2016 Weather and Location Data. fuel costs from 1/2021; HDD, Temp, Elev from AEIDC Climatological Summary, 1957-68, wind nearest Kenai, dT from BEES;  Propane is from Suburban Propane and is average price of those with own tanks and with rentals, existing customers"
269,Seldovia,0,1,1,0.93,59.43918,-151.712219,0,0,2,2,2,2,23,,,,,0,0,,4.74,,7.5956,,,,,,,0.035,0.03,"Oct 2016 Weather and Location Data. fuel costs from 7/2021; HDD, Temp, Elev from AEIDC Climatological Summary, 1967-76, wind from WERA map class;"
270,Soldotna,0,1,1,1.04,60.4894066,-151.082138,0,0,2,2,1,1,26,,,,,100,0,,2.69,,6.75,,,,,,,0.03,0.03,"Oct 2016 Weather and Location Data. fuel costs from 7/2021; HDD, Temp, Elev from AEIDC Climatological Summary, 1962-69,wind nearest Kenai, dT from CRELL Design Data;  Propane is from Suburban Propane and is average price of those with own tanks and with rentals, existing customers"
271,Sterling,0,1,1,1.05,60.5199928,-150.8472,0,0,2,2,1,1,26,,,,,300,0,270,2.69,,6.75,,,,,,,,0.03,"Oct 2016 Weather and Location Data. fuel costs from 7/2021; HDD, Temp, Elev from AEIDC Climatological Summary, 1954-61,66-68, wind from nearest:Kenai, dT from Soldotna;   Propane is from Suburban Propane and is average price of those with own tanks and with rentals, existing customers"
272,Tyonek,0,1,1.64,0.97,61.0764847,-151.150711,0,0,2,2,3,3,9,,,,,100,0,,4.75,,,,,,,,,,,"Oct 2016 Weather and Location Data. fuel costs from 71/2021; HDD, Temp, Elev from AEIDC Climatological Summary, 1967-70"
274,Houston,0,1,1,1.03,61.60347,-149.763138,0,0,2,2,1,1,50,,,,,200,0,281,2.65,,6.48,,,,,,,0.02,,"Oct 2016 Weather and Location Data. fuel costs from  7/2021; weather from nearest: Wasilla;    Propane is from Suburban Propane and is average price of those with own tanks and with rentals, existing customers"
275,Girdwood,0,1,1,1,60.94191,-149.168564,0,0,2,2,1,1,1,,,,,0,0,1,3.36,,6.48,,,,,,,,,"Oct 2016 Weather and Location Data. fuel costs from 7/2021; weather from AEIDC:1955-66.77-78  Propane is average price of thise with own tanks an with rentals"
276,Palmer,0,1,1,1,61.6025047,-149.1189,0,0,2,2,1,1,34,,,,,200,0,,2.65,,5.23,,,,,,,0.03,,"Oct 2016 Weather and Location Data. fuel costs from 7/2021;  HDD, Temp, Elev from AEIDC Climatological Summary, 1948-87, wind from WERA map class, dT from Anchorage; fuel prices from 11/2003 survey; Propane is from Suburban Propane and is average price of those with own tanks and with rentals, existing customers"
277,Skwentna,0,1,1,0.96,61.9591255,-151.1637,0,0,2,2,3,3,50,,,,,200,0,,,,,,,,,,,,,"Oct 2016 Weather and Location Data. HDD, Temp, Elev from AEIDC Climatological Summary, 1939-59,71-75,79-87, wind m/s from WERA"
278,Sutton,0,1,1,1,61.71084,-148.896362,0,0,2,2,1,1,44,,,,,500,0,,2.65,,6.48,,,,,,,,,"Oct 2016 Weather and Location Data. fuel costs from 7/2021; HDD, Temp, Elev from AEIDC Climatological Summary, 1978-87, dT from Anchorage; oil prices from Service Oil & Gas, 10/00;   Propane is from Suburban Propane and is average price of those with own tanks and with rentals, existing customers"
279,Talkeetna,0,1,1,0.99,62.28992,-150.086334,0,0,2,2,1,1,45,,,,,400,0,,2.65,,6.48,350,,,,,,,,"Oct 2016 Weather and Location Data. fuel costs from 7/2021; Weather data in Weather City Library - DO NOT INCLUDE HERE! Wind m/s from WERA; design temp estimated;  Propane is from Suburban Propane and is average price of those with own tanks and with rentals, existing customers"
280,"Trapper Creek",0,1,1,1.01,62.3155022,-150.287155,0,0,2,2,1,1,45,,,,,400,0,,2.65,,6.48,,,,,,,,,"Oct 2016 Weather and Location Data. fuel costs from 7/2021;    Propane is from Suburban Propane and is average price of those with own tanks and with rentals, existing customers                                          Degree days, db temp from BEES Appendix, wind nearest: Talkeetna"
281,Wasilla,0,1,1.42,0.99,61.583168,-149.454849,0,0,2,2,1,1,34,,,,,300,0,,2.65,,6.48,,,,,,,0.03,,"Oct 2016 Weather and Location Data. fuel costs from 7/2021;    Propane is from Suburban Propane and is average price of those with own tanks and with rentals, existing customers                                    Weather info in Weather database - DO NOT ENTER HERE; design temp from Anchorage"
282,Willow,0,1,1,0.98,61.75026,-150.025482,0,0,2,2,1,1,50,,,,,200,0,,2.65,,6.48,,,,,,,,,"Oct 2016 Weather and Location Data. fuel costs from 7/2021; HDD, Temp, Elev from AEIDC Climatological Summary, 1960-71;  Propane is from Suburban Propane and is average price of those with own tanks and with rentals, existing customers"
283,Akhiok,0,1,1.07,1.08,56.9445229,-154.171524,0,0,2,2,3,3,29,,,,,0,0,,3.25,,,,,,,,,,,"Weather and Location Data. oil from 8/2016, dT from BEES nearest: Kodiak, HDD, dbT from nearest: Kodiak (1960-81), Fuel prices from City of Akhiok 7/2021"
284,Chiniak,0,1,1,0.99,57.6153564,-152.217468,0,0,2,2,3,3,29,,,,,0,0,286,3.56,,,,,,,,,,,"Oct 2016 Weather and Location Data.                         Fuel from 7/2021;  Weather info from nearest: Kodiak"
285,Karluk,0,1,2.01,1.06,57.5550041,-154.4328,0,0,2,2,3,3,28,,,,,700,0,,4.92,4.92,,,,,,,,,,"Oct 2016 Weather and Location Data. fuel costs from 1/2021 elev. From Ak. Wilderness Milepost 1989, weather from Kodiak; oil prices  from 11/2007 survey"
286,Kodiak,0,1,1,0.99,57.797184,-152.391327,0,1,2,2,2,2,29,,,,,100,0,,3.11,,,,,,,,,,,"Oct 2016 Weather and Location Data. NO SALES TAX ON HEATING FUEL: fuel costs from  7/2021; Weather info in Weather database - DO NOT ENTER HERE; dT from BEES;"
287,"Larsen Bay",0,1,0.58,1.1,57.5341873,-153.987732,0,1,2,2,3,3,29,,,,,0,0,,4.1,4.1,,,,,,,,0.03,,"Oct 2016 Weather and Location Data. fuel costs from  7/2021; HDD, Temp, Elev from AEIDC Climatological Summary, 1951-68, wind from WERA map class;"
288,"Old Harbor",0,1,0.58,1.11,57.20599,-153.30069,0,0,2,2,3,3,29,,,,,0,0,,4.1,,,,,,,,,0.03,,"Oct 2016 Weather and Location Data. fuel costs from 7/2021; HDD, Temp, Elev from Kodiak; wind from WERA map class, dT from BEES;"
289,Ouzinkie,0,1,1,0.99,57.92111,-152.502487,0,0,2,2,3,3,29,,,,,0,0,,3.5,,8.69,,,,,,,0.03,,"Oct 2016 Weather and Location Data. fuel costs from 7/2021; weather from nearest:Kodiak;"
290,"Port Lions",0,1,1,0.98,57.8666878,-152.879852,0,0,2,2,3,3,28,,,,,100,0,,3.4,,,,,,,,,,,"Oct 2016 Weather and Location Data. fuel costs from 7/2021; weather from nearest: Kodiak,elev. From Ak. Wilderness Milepost 1989; fuel costs from 6/08"
292,"Juneau, City of",0,1,1,1,58.35702,-134.534332,0,1,1,1,1,1,4,,,,,0,0,,3.02,3.02,3.64,,,,,,,0.05,,"Oct 2016 Weather and Location Data. fuel costs from  7/2021; Weather info in Weather database - DO NOT ENTER HERE;"
293,Fairbanks,0,1,1,0.98,64.83877,-147.714569,0,0,4,4,2,2,19,,,,,400,0,,3.26,,3.99,350,250,,,10.5,23.4,,,"Oct 2016 Weather and Location Data. fuel costs from 7/2021; Weather info in Weather database - DO NOT ENTER HERE;   Propane is average price of thise with own tanks an with rentals"
294,Alakanuk,0,1,1,0.87,62.6872864,-164.665787,0,0,4,3,4,4,37,,,,,0,0,,4.9,,12.62,,,,,,,0.04,,"Weather and Location Data. fuel prices from  7/2021 - delivered from Ruby with $15 delivery fee"
295,Aleknagik,0,1,0.66,1.02,59.2757454,-158.622,0,0,3,3,3,3,27,,,,,100,0,,4.87,,,,,,,,,0.05,,"fuel prices from 7/2021 - Dillingham prices plus $.20/gallon"
296,"Anaktuvuk Pass - C",0,1,1,1.09,68.14468,-151.735291,0,0,6,5,5,5,7,,,,,2200,0,,8.35,,16.95,,,,,,,0.03,," Weather and Location Data. Fuel costs are from 8/2021; large discrepancy between residential subsidized rate and commercial rate ($1.50/$8.35) ; wind from WERA,"
298,Indian,0,1,1,1.04,60.9909,-149.504211,0,0,2,2,1,1,1,,,,,100,0,,3.36,,6.48,,,,,,,,,"Oct 2016 Weather and Location Data. fuel costs from  7/2021;    Propane is from Suburban Propane and is average price of those with own tanks and with rentals, existing customers;                                    weather data from nearest: Anchorage."
299,Chugiak,0,1,1,0.96,61.3883438,-149.484146,0,0,2,2,1,1,34,,,,,400,0,,3.36,,6.48,,,,,,,,,"Oct 2016 Weather and Location Data.                     Fuel costs from  7/2021;                                      weather data from nearest: Anchorage      Propane is average price of thise with own tanks an with rentals"
300,"Eagle River",0,1,1.42,0.95,61.3208351,-149.569962,0,0,2,2,1,1,34,,,,,300,0,1,3.36,,6.48,,,,,,,,,"Oct 2016 Weather and Location Data. fuel costs from 7/2021 for Anchorage plus $ .15 and Propane is average price of thise with own tanks an with rentals"
301,Douglas,0,1,1,1,58.2752151,-134.394226,0,1,1,1,1,1,25,,,,,100,0,292,3.02,3.02,3.64,,,,,,,,0.05,"Oct 2016 Weather and Location Data. fuel costs from  7/2021"
302,Nenana,0,1,1,1.02,64.5562,-149.086945,0,0,4,4,2,2,19,,,,,400,0,,3.1,,,,,,,,,0.04,,"Oct 2016 Weather and Location Data. fuel costs from 7/2021;  Weather from AEIDC Climate Smmary 1922-25,30-76,83-87;  Propane is from Suburban Propane and is average price of those with own tanks and with rentals, existing customers"
304,"North Pole",0,1,1,1,64.7492752,-147.348969,0,0,4,4,2,2,38,,,,,500,0,293,3.26,,3.99,,,,,,,0.05,,"Oct 2016 Weather and Location Data. fuel costs from 1/2021;  Propane is from Suburban Propane and is average price of those with own tanks and with rentals, existing customers                                        weather and wind from EZ-Rater database"
305,Anderson,0,1,1,0.99,64.34057,-149.190216,0,0,4,4,2,2,19,,,,,500,0,,3.06,,4.23,,,,,,,0.06,," Weather and Location Data. fuel costs from 7/2021 ; Fairbanks weather data;     Propane is average for delivered to those with own tank and those who rent tank, new and existing customer, and amt ordered."
306,"Dutch Harbor",0,1,1.07,1,53.8905258,-166.536179,0,0,2,3,3,3,16,,,,,0,0,151,3.59,,5.97,,,,,,,0.03,,"Oct 2016 Weather and Location Data. fuel costs from 7/2021; wind from WERA;"
307,Salcha,0,1,1,1.01,64.54692,-147.006409,0,0,4,4,3,3,18,,,,,600,0,,3.3,,3.99,,,,,,,,,"Oct 2016 Weather and Location Data. fuel costs from 7/2021; Fairbanks weather data;"
308,"Denali Nat'l Park",0,1,1,0.78,63.63452,-148.790039,0,0,4,4,3,3,13,,,,,2000,0,302,3.06,,4.23,,,,,,,,,"Oct 2016 Weather and Location Data.  Fuel cost update 7/2021   Propane is average price of thise with own tanks an with rentals"
309,Ester,0,1,1,1.01,64.85331,-147.979614,0,0,4,4,2,2,13,,,,,900,0,293,3.26,,3.99,,,,,,,,,"Oct 2016 Weather and Location Data. fuel costs from  7/2021; Fairbanks weather data;  Propane is average price of thise with own tanks an with rentals"
310,"Bird Creek",0,1,1,1.02,60.96758,-149.435287,0,0,2,2,1,1,1,,,,,100,0,1,3.36,,6.48,,,,,,,,,"Fuel costs from 7/2021;  Propane is average for delivered to those with own tank and those who rent tank, new and existing customer, and amt ordered."
311,"Whale Pass",0,1,1,1.07,56.1150627,-133.154816,0,0,1,1,4,4,51,,,,,200,0,0,3.1,3.06,2.92,,,,,,,,,"Oct 2016 Weather and Location Data. fuel costs from 7/2021 - ($.10/gal more than Craig)"
312,Naukati,0,1,1,1.08,55.873,-133.2066,0,0,1,1,4,4,32,,,,,100,0,0,3.07,3.04,3.2,,,,,,,,,"Oct 2016 Weather and Location Data. fuel costs from 7/2021 ($.10/gal more than Craig)"
315,"Anaktuvuk Pass Res",0,1,1,1.09,68.14468,-151.735291,0,0,6,5,5,5,7,,,,,2200,0,0,1.44,,16.95,,,,,,,0.03,," Weather and Location Data. Fuel costs are from 7/2021; large discrepancy between residential subsidized rate and commercial rate ($1.50/$8.35) ; wind from WERA,"
316,"Atqasuk - Res",0,1,1,1.31,70.47874,-157.417252,0,0,6,5,5,5,31,,,,,100,0,0,1.4,,5,,,,,,,,,"7/2021; There  is such a large discrepancy between residential subsidized rate and commercial rate ($1.40/$4.10) ; wind from WERA,"
317,"Kaktovik - Com",0,1,1.11,1.72,70.12301,-143.6093,0,0,6,5,5,5,5,,,,,0,0,0,6,,6,,,,,,,,,"Oct 2016 Weather and Location Data. 8/2021; fuel survey; There is such a large discrepancy between residential subsidized rate and commercial rate ($2.50/$6.00) ; wind from WERA,elev. From Ak. Wilderness Milepost 1989;"
318,"Point Hope Com",0,1,1.16,1.29,68.3478851,-166.769882,0,0,6,5,5,5,30,,,,,0,0,0,7.25,,,,,,,,,0.03,,"Oct 2016 Weather and Location Data. There are two listings for Point Hope because here is such a large discrepancy between residential subsidized rate and commercial rate ($1.74/$7.25) 2/2020; wind from WERA,; HDD, db temp from AEIDC, 1924-27, 41-54,82; 7/17;"
319,"Wainwright Com",0,1,1,1.42,70.6449051,-160.017776,0,0,6,5,5,5,5,,,,,0,0,0,7.3,,14.62,,,,,,,,,"Oct 2016 Weather and Location Data. There is  a large discrepancy between residential subsidized rate and commercial rate ($1.50/$5.96) ; wind from WERA,;  Design temp from BEES Appendix; fuel prices from 1/2021"
322,"Faribanks - Chena Ridge",0,1,1,1.02,64.80369,-148.0093,0,0,4,4,2,2,12,,,,,1100,1,293,,,,,,,,,,,,"New City as of 10/16/2016 Energy Library."
323,Mertarvilk,0,0,,,60.811,-164.4991,0,0,0,0,3,3,6,,,,,300,1,98,,,,,,,,,,,,"New community formed to relocate Newtok; first people moved in Oct 2019;"
324,"Point Lay Commercial",0,1,1,1.31,69.7456,-163.012131,0,0,6,5,5,5,5,,,,,0,0,0,7.45,,8.47,,,,,,,,,"Oct 2016 Weather and Location Data. Two listings for Point Lay  because there is such a large discrepancy between residential subsidized rate and commercial rate ($1.45/$7.44) 2/2020 ; wind from WERA,; HDD, db temp from AEIDC, 1924-27, 41-54,82; 7/15"
325,"Chignik Lagoon",0,1,0.4,1.49,56.2511444,-158.748688,0,0,2,2,3,3,11,,,,,100,0,,3.4,,,,,,,,,,,"Oct 2016 Weather and Location Data. fuel costs from  7/2021;  HDD,dbT, wind from nearest: Chignik;"
