ID,Name,IsTestObject,Active,Type,IsCommercial,ChargesRCC,PCE,CO2,CustomerChg,DemandCharge,NameShort,Blocks
1,Chugach Electric South- Residential,0,1,1,0,1,0.0,0.7572226,8.0,0.0,Chugac,"[(nan, 0.212048), (nan, nan), (nan, nan), (nan, nan), (nan, nan)]"
2,Anchorage ML&P - Residential,0,0,1,0,1,,1.1,13.62,0.0,Anchor,"[(nan, 0.175898), (nan, nan), (nan, nan), (nan, nan), (nan, nan)]"
3,Golden Valley Electric - Residential,0,1,1,0,1,,2.358446,22.5,0.0,Golden,"[(nan, 0.252438), (nan, nan), (nan, nan), (nan, nan), (nan, nan)]"
5,Enstar Natural Gas - G1 (Res),0,1,2,0,1,0.0,,16.25,0.0,Enstar,"[(nan, 1.015998), (nan, nan), (nan, nan), (nan, nan), (nan, nan)]"
6,"Akhiok, City of Residential",0,1,1,0,0,0.3266,2.574322,,0.0,Akhiok,"[(nan, 0.8), (nan, nan), (nan, nan), (nan, nan), (nan, nan)]"
7,Akiachak Residential,0,1,1,0,0,0.3341,1.734183,,0.0,Akiach,"[(nan, 0.73), (nan, nan), (nan, nan), (nan, nan), (nan, nan)]"
8,"Akiak, City of - Residential",0,1,1,0,0,0.3295,1.813185,,0.0,"Akiak,","[(nan, 0.63), (nan, nan), (nan, nan), (nan, nan), (nan, nan)]"
9,"Akutan, City of - Residential",0,1,1,0,0,0.7565,2.053912,,0.0,Akutan,"[(nan, 0.95), (nan, nan), (nan, nan), (nan, nan), (nan, nan)]"
11,AEL&P - Residential,0,1,1,0,1,,0.002855618,10.08,0.0,AEL&P ,"[(nan, 0.120328), (nan, nan), (nan, nan), (nan, nan), (nan, nan)]"
15,Alutiiq Power - Residential,0,1,1,0,0,0.5065,2.731869,,0.0,Alutii,"[(nan, 0.7), (nan, nan), (nan, nan), (nan, nan), (nan, nan)]"
16,"Atka, City of Residential",0,1,1,0,0,0.3329,0.5889879,,0.0,"Atka, ","[(nan, 0.625), (nan, nan), (nan, nan), (nan, nan), (nan, nan)]"
17,Aniak Light & Power - Residential,0,1,1,0,1,0.7662,2.097938,,0.0,Aniak ,"[(nan, 1.081228), (nan, nan), (nan, nan), (nan, nan), (nan, nan)]"
18,Arctic Village Elec - Residential,0,1,1,0,0,0.7662,2.527019,,0.0,Arctic,"[(nan, 1.0), (nan, nan), (nan, nan), (nan, nan), (nan, nan)]"
19,Atmautluak Joint Utilities - Residential,0,1,1,0,0,0.4665,1.873096,,0.0,Atmaut,"[(nan, 0.66), (nan, nan), (nan, nan), (nan, nan), (nan, nan)]"
20,Barrow Utilities & Electric-elec - Residential,0,1,1,0,0,,2.028199,30.0,0.0,Barrow,"[(nan, 0.1404), (nan, nan), (nan, nan), (nan, nan), (nan, nan)]"
21,Barrow Utilities & Electric-gas - Residential,0,1,2,0,0,,,30.0,0.0,Barrow,"[(55.0, 0.0), (nan, 0.41), (nan, nan), (nan, nan), (nan, nan)]"
22,Beaver Village Electric Utility - Residential,0,1,1,0,0,0.6267,2.499755,0.0,0.0,Beaver,"[(nan, 0.9), (nan, nan), (nan, nan), (nan, nan), (nan, nan)]"
23,Bethel  - Residential,0,1,1,0,1,0.1776,1.630212,5.0,0.0,Bethel,"[(nan, 0.44542799999999994), (nan, nan), (nan, nan), (nan, nan), (nan, nan)]"
25,Birch Creek Utilities - Residential,0,1,1,0,0,0.7597,3.480678,,0.0,Birch ,"[(nan, 1.15), (nan, nan), (nan, nan), (nan, nan), (nan, nan)]"
27,"Buckland, City of- Residential",0,1,1,0,0,0.2942,1.957637,,0.0,Buckla,"[(nan, 0.5), (nan, nan), (nan, nan), (nan, nan), (nan, nan)]"
30,Chignik Lake Electric Utility - Residential,0,1,1,0,0,0.4377,2.7239,5.0,0.0,Chigni,"[(nan, 0.7), (nan, nan), (nan, nan), (nan, nan), (nan, nan)]"
31,"Chignik, City of - Residential",0,1,1,0,0,0.2225,1.742497,0.0,0.0,Chigni,"[(nan, 0.416), (nan, nan), (nan, nan), (nan, nan), (nan, nan)]"
32,Chitina Electric - Residential,0,1,1,0,0,0.7662,2.356347,25.0,0.0,Chitin,"[(nan, 1.1), (nan, nan), (nan, nan), (nan, nan), (nan, nan)]"
33,Central Electric- Residential,0,1,1,0,1,0.4959,2.753425,,0.0,Centra,"[(nan, 0.8251280000000001), (nan, nan), (nan, nan), (nan, nan), (nan, nan)]"
36,Copper Valley Electric Assn 1 - Residential,0,1,1,0,0,0.0,0.6005461,20.0,0.0,Copper,"[(nan, 0.368), (nan, nan), (nan, nan), (nan, nan), (nan, nan)]"
37,Cordova Electric Cooperative - Residential,0,1,1,0,0,0.0912,0.5688799,21.5,0.0,Cordov,"[(500.0, 0.354), (nan, 0.2212), (nan, nan), (nan, nan), (nan, nan)]"
38,Diomede Joint Utilities - Residential,0,1,1,0,0,0.3754,2.725553,35.0,0.0,Diomed,"[(nan, 0.65), (nan, nan), (nan, nan), (nan, nan), (nan, nan)]"
41,Egegik Light & Power - Residential,0,1,1,0,0,0.4565,2.114206,0.0,0.0,Egegik,"[(nan, 0.65), (nan, nan), (nan, nan), (nan, nan), (nan, nan)]"
42,AVEC - Ekwok - Residential,0,1,1,0,0,0.4944,1.742509,5.0,0.0,AVEC -,"[(750.0, 0.7518), (nan, 0.6453), (nan, nan), (nan, nan), (nan, nan)]"
43,Elfin Cove Electric - Residential,0,1,1,0,0,0.4898,2.345662,,0.0,Elfin ,"[(nan, 0.87), (nan, nan), (nan, nan), (nan, nan), (nan, nan)]"
45,False Pass Electric - Residential,0,1,1,0,0,0.481,2.031942,,0.0,False ,"[(nan, 0.719), (nan, nan), (nan, nan), (nan, nan), (nan, nan)]"
47,"G&K, Inc - Residential",0,1,1,0,1,0.7662,2.118109,12.5,0.0,"G&K, I","[(nan, 1.241028), (nan, nan), (nan, nan), (nan, nan), (nan, nan)]"
48,Galena Electric Utility - Residential,0,1,1,0,0,0.4025,1.917758,11.2,0.0,Galena,"[(nan, 0.6723), (nan, nan), (nan, nan), (nan, nan), (nan, nan)]"
49,"Golovin, City of - Residential",0,1,1,0,0,0.1826,2.139312,,0.0,Golovi,"[(nan, 0.56), (nan, nan), (nan, nan), (nan, nan), (nan, nan)]"
50,Gustavus APT - Residential,0,1,1,0,0,0.1,0.2706425,25.3,0.0,Gustav,"[(nan, 0.34159999999999996), (nan, nan), (nan, nan), (nan, nan), (nan, nan)]"
51,Gwitchyaa Zhee Utility Co - Residential,0,1,1,0,1,0.4755,2.082066,0.0,0.0,Gwitch,"[(nan, 0.668228), (nan, nan), (nan, nan), (nan, nan), (nan, nan)]"
53,Homer Electric Assn  - Residential,0,1,1,0,1,,1.028624,20.0,0.0,Homer ,"[(nan, 0.256108), (nan, nan), (nan, nan), (nan, nan), (nan, nan)]"
55,Hughes Power & Light Co - Residential,0,1,1,0,0,0.7114,2.275382,,0.0,Hughes,"[(nan, 0.91), (nan, nan), (nan, nan), (nan, nan), (nan, nan)]"
56,"I-N-N Electric Cooperative, Inc - Residential",0,1,1,0,0,0.3999,0.02588284,19.5,0.0,I-N-N ,"[(nan, 0.6693), (nan, nan), (nan, nan), (nan, nan), (nan, nan)]"
57,Igiugig Village Council - Residential,0,1,1,0,0,0.7222,2.008079,5.0,0.0,Igiugi,"[(nan, 0.9157), (nan, nan), (nan, nan), (nan, nan), (nan, nan)]"
58,Ipnatchiaq Electrric Co - Residential,0,1,1,0,0,0.4622,1.609351,19.25,0.0,Ipnatc,"[(nan, 0.6747), (nan, nan), (nan, nan), (nan, nan), (nan, nan)]"
61,"Ketchikan, City of - Residential",0,1,1,0,0,0.0,0.1136134,6.4,0.0,Ketchi,"[(nan, 0.1056), (nan, nan), (nan, nan), (nan, nan), (nan, nan)]"
62,"King Cove, City of - Residential",0,1,1,0,0,0.0001,0.2065458,0.0,0.0,King C,"[(nan, 0.3), (nan, nan), (nan, nan), (nan, nan), (nan, nan)]"
63,Kipnuk Light Plant - Residential,0,1,1,0,1,0.4967,1.441385,,0.0,Kipnuk,"[(nan, 0.6912280000000001), (nan, nan), (nan, nan), (nan, nan), (nan, nan)]"
64,Kobuk Valley Electric - Residential,0,0,1,0,0,,,,0.0,Kobuk ,"[(nan, nan), (nan, nan), (nan, nan), (nan, nan), (nan, nan)]"
65,Kodiak Electric Assn - Residential,0,1,1,0,0,,0.004386014,7.5,0.0,Kodiak,"[(nan, 0.18710000000000002), (nan, nan), (nan, nan), (nan, nan), (nan, nan)]"
66,Kokhanok Village Council - Residential,0,1,1,0,0,0.7662,2.299731,10.0,0.0,Kokhan,"[(nan, 0.97), (nan, nan), (nan, nan), (nan, nan), (nan, nan)]"
67,Koliganek Village Council - Residential,0,1,1,0,0,0.3065,2.111816,21.4,0.0,Koliga,"[(nan, 0.5), (nan, nan), (nan, nan), (nan, nan), (nan, nan)]"
68,AVEC-Kotlik - Residential,0,1,1,0,0,0.475,1.75359,5.0,0.0,AVEC-K,"[(750.0, 0.7314), (nan, 0.6259), (nan, nan), (nan, nan), (nan, nan)]"
69,Kotzebue Electric Assn - Residential,0,1,1,0,0,0.2289,1.469073,15.0,0.0,Kotzeb,"[(nan, 0.39490000000000003), (nan, nan), (nan, nan), (nan, nan), (nan, nan)]"
70,"Koyukuk, City of - Residential",0,1,1,0,0,0.3865,3.577778,,0.0,Koyuku,"[(nan, 0.95), (nan, nan), (nan, nan), (nan, nan), (nan, nan)]"
71,Kuiggluum Kallugvia - Residential,0,1,1,0,0,0.3265,2.311544,,0.0,Kuiggl,"[(nan, 0.52), (nan, nan), (nan, nan), (nan, nan), (nan, nan)]"
72,Kwig Power Company - Residential,0,1,1,0,0,0.3597,1.790428,,0.0,Kwig P,"[(nan, 0.67), (nan, nan), (nan, nan), (nan, nan), (nan, nan)]"
73,Larsen Bay Electric - Residential,0,1,1,0,0,0.0001,0.1805789,0.0,0.0,Larsen,"[(nan, 0.41), (nan, nan), (nan, nan), (nan, nan), (nan, nan)]"
74,Levelock Electric Cooperativ - Residential,0,1,1,0,0,0.6453,2.528538,0.0,0.0,Levelo,"[(nan, 1.35), (nan, nan), (nan, nan), (nan, nan), (nan, nan)]"
75,Manley Utility Co - Residential,0,1,1,0,1,0.7662,2.26414,20.0,0.0,Manley,"[(nan, 1.2703280000000001), (nan, nan), (nan, nan), (nan, nan), (nan, nan)]"
76,Manakotak Power Company - Residential,0,1,1,0,0,0.1722,1.793386,,0.0,Manako,"[(nan, 0.6), (nan, nan), (nan, nan), (nan, nan), (nan, nan)]"
77,Matanuska Electric Assn. - Residential,0,1,1,0,1,,0.8981139,13.0,0.0,Matanu,"[(1300.0, 0.20640799999999998), (nan, 0.192758), (nan, nan), (nan, nan), (nan, nan)]"
78,McGrath Light & Power - Residential,0,1,1,0,1,0.4504,1.859494,10.0,0.0,McGrat,"[(nan, 0.849728), (nan, nan), (nan, nan), (nan, nan), (nan, nan)]"
79,Middle Kuskokwim Electric Coop - Residential,0,1,1,0,1,0.7662,2.560855,28.05,0.0,Middle,"[(nan, 1.430428), (nan, nan), (nan, nan), (nan, nan), (nan, nan)]"
80,Naknek - Residential,0,1,1,0,0,0.2677,1.66061,15.0,0.0,Naknek,"[(nan, 0.5633), (nan, nan), (nan, nan), (nan, nan), (nan, nan)]"
81,Napakiak - Residential,0,1,1,0,1,0.2642,1.630212,0.0,0.0,Napaki,"[(nan, 0.864028), (nan, nan), (nan, nan), (nan, nan), (nan, nan)]"
82,"Napaskiak, Inc - Residential",0,1,1,0,0,0.2897,2.50221,25.0,0.0,Napask,"[(nan, 0.7), (nan, nan), (nan, nan), (nan, nan), (nan, nan)]"
83,Naterkaq Light Plant - Residential,0,1,1,0,0,0.3719,1.993055,,0.0,Naterk,"[(nan, 0.74), (nan, nan), (nan, nan), (nan, nan), (nan, nan)]"
84,Nelson Lagoon Electric Coop - Residential,0,1,1,0,0,0.5495,2.866622,0.0,0.0,Nelson,"[(nan, 0.84), (nan, nan), (nan, nan), (nan, nan), (nan, nan)]"
86,"Nikolai Light & Power, City of - Residential",0,1,1,0,0,0.6673,2.472341,,0.0,Nikola,"[(nan, 0.9), (nan, nan), (nan, nan), (nan, nan), (nan, nan)]"
87,Nome Joint Utilities Systems - Residential,0,1,1,0,0,0.188,1.458501,20.0,0.0,Nome J,"[(nan, 0.4637), (nan, nan), (nan, nan), (nan, nan), (nan, nan)]"
88,North Slope Borough Utilities - Residential,0,1,1,0,1,0.1565,1.970787,15.0,0.0,North ,"[(600.0, 0.151028), (nan, 0.35102799999999995), (nan, nan), (nan, nan), (nan, nan)]"
90,Nushagak Electric Cooperative - Residential,0,1,1,0,0,0.2591,1.636292,20.0,0.0,Nushag,"[(nan, 0.516), (nan, nan), (nan, nan), (nan, nan), (nan, nan)]"
91,"Ouzinkie, City of - Residential",0,1,1,0,0,0.2858,1.739969,5.0,0.0,Ouzink,"[(nan, 0.5175), (nan, nan), (nan, nan), (nan, nan), (nan, nan)]"
92,"Paxson Lodge, Inc - Residential",0,0,1,0,0,,1.72,,0.0,Paxson,"[(nan, 1.7), (nan, nan), (nan, nan), (nan, nan), (nan, nan)]"
93,Pedro Bay Village Council - Residential,0,1,1,0,0,0.6232,2.604706,,0.0,Pedro ,"[(nan, 0.82), (nan, nan), (nan, nan), (nan, nan), (nan, nan)]"
94,Perryville Electric Utility - Residential,0,1,1,0,0,0.212,2.045262,,0.0,Perryv,"[(nan, 0.95), (nan, nan), (nan, nan), (nan, nan), (nan, nan)]"
95,"Petersburg, City of - Residential",0,1,1,0,0,,0.1136134,11.0,0.0,Peters,"[(500.0, 0.126), (nan, 0.108), (nan, nan), (nan, nan), (nan, nan)]"
96,Pilot Point  - Residential,0,1,1,0,0,0.4065,2.734724,10.0,0.0,Pilot ,"[(nan, 0.6), (nan, nan), (nan, nan), (nan, nan), (nan, nan)]"
97,"Port Heiden, City of - Residential",0,1,1,0,0,0.4552,2.267204,0.0,0.0,Port H,"[(nan, 0.65), (nan, nan), (nan, nan), (nan, nan), (nan, nan)]"
98,Pelican - Residential,0,1,1,0,0,0.0606,1.17961,10.54,0.0,Pelica,"[(nan, 0.2541), (nan, nan), (nan, nan), (nan, nan), (nan, nan)]"
99,Puvurnaq Power Company - Residential,0,1,1,0,0,0.3855,1.386522,,0.0,Puvurn,"[(nan, 0.72), (nan, nan), (nan, nan), (nan, nan), (nan, nan)]"
101,"Ruby, City of - Residential",0,1,1,0,0,0.602,1.904561,5.0,0.0,"Ruby, ","[(nan, 0.85), (nan, nan), (nan, nan), (nan, nan), (nan, nan)]"
102,Sand Point TDX - Residential,0,1,1,0,1,0.4355,1.633114,8.32,0.0,Sand P,"[(nan, 0.6701280000000001), (nan, nan), (nan, nan), (nan, nan), (nan, nan)]"
104,"Seward, City of - Residential",0,1,1,0,0,,0.7572226,22.1,0.0,Seward,"[(nan, 0.2027), (nan, nan), (nan, nan), (nan, nan), (nan, nan)]"
105,Nunum Iqua Electric - Residential,0,1,1,0,0,0.3506,1.886753,,0.0,Nunum ,"[(nan, 0.5622), (nan, nan), (nan, nan), (nan, nan), (nan, nan)]"
106,"Sitka, City & Borough - Residential",0,1,1,0,0,,0.00780205,20.48,0.0,"Sitka,","[(nan, 0.1747), (nan, nan), (nan, nan), (nan, nan), (nan, nan)]"
107,"St. Paul, City of - Residential",0,1,1,0,0,0.3742,1.755471,,0.0,St. Pa,"[(nan, 0.57), (nan, nan), (nan, nan), (nan, nan), (nan, nan)]"
109,Takotna Community Association - Residential,0,1,1,0,0,0.6873,2.449977,,0.0,Takotn,"[(nan, 1.022), (nan, nan), (nan, nan), (nan, nan), (nan, nan)]"
110,Tanalian Electric Coop - Residential,0,1,1,0,0,0.6264,1.870495,5.0,0.0,Tanali,"[(nan, 0.8281), (nan, nan), (nan, nan), (nan, nan), (nan, nan)]"
111,"Tanana Power Company, Inc - Residential",0,1,1,0,1,0.4241,1.769005,0.0,0.0,Tanana,"[(nan, 0.6941280000000001), (nan, nan), (nan, nan), (nan, nan), (nan, nan)]"
112,Tatitlek Electric Utility - Residential,0,1,1,0,0,0.6694,2.54859,0.0,0.0,Tatitl,"[(nan, 0.92), (nan, nan), (nan, nan), (nan, nan), (nan, nan)]"
114,Teller Power Company - Residential,0,0,1,0,0,0.3484,1.8,0.0,0.0,Teller,"[(nan, 0.5628), (nan, nan), (nan, nan), (nan, nan), (nan, nan)]"
115,Tenakee Springs Electric Utility - Residential,0,1,1,0,0,0.4222,2.093795,7.5,0.0,Tenake,"[(nan, 0.84), (nan, nan), (nan, nan), (nan, nan), (nan, nan)]"
120,Tuluksak Traditional Power - Commercial - Sm,0,1,1,1,0,0.3997,2.495093,,0.0,Tuluks,"[(nan, 0.75), (nan, nan), (nan, nan), (nan, nan), (nan, nan)]"
121,Tuntutuliak Community Services - Residential,0,1,1,0,0,0.454,2.060982,,0.0,Tuntut,"[(nan, 0.65), (nan, nan), (nan, nan), (nan, nan), (nan, nan)]"
122,"Umnak Power Co., The Native Vill - Residential",0,1,1,0,0,0.5565,2.729944,15.0,0.0,Umnak ,"[(nan, 0.75), (nan, nan), (nan, nan), (nan, nan), (nan, nan)]"
123,"Unalaska, City of - Residential",0,1,1,0,0,0.1495,1.407252,8.49,0.0,Unalas,"[(nan, 0.48487), (nan, nan), (nan, nan), (nan, nan), (nan, nan)]"
124,Unqusrag - Residential,0,1,1,0,0,0.6065,1.789354,,0.0,Unqusr,"[(nan, 0.8), (nan, nan), (nan, nan), (nan, nan), (nan, nan)]"
127,"White Mountain, City of - Residential",0,1,1,0,0,0.3261,1.994477,10.0,0.0,White ,"[(nan, 0.55), (nan, nan), (nan, nan), (nan, nan), (nan, nan)]"
128,"Wrangell, City of - Residential",0,1,1,0,0,,0.1136134,8.0,0.0,Wrange,"[(300.0, 0.1548), (1200.0, 0.1291), (nan, 0.1056), (nan, nan), (nan, nan)]"
129,AVEC - Yakutat - Residential,0,1,1,0,0,0.3586,1.707497,,0.0,AVEC -,"[(750.0, 0.5321), (nan, 0.4952), (nan, nan), (nan, nan), (nan, nan)]"
131,Self Generated Power (oil) - Residential,0,1,1,0,0,0.4969,2.042996,0.0,0.0,Self G,"[(nan, 1.0), (nan, nan), (nan, nan), (nan, nan), (nan, nan)]"
133,Unalakleet Valley Electric Assoc - Residential,0,1,1,0,1,0.3358,1.309492,4.0,0.0,Unalak,"[(nan, 0.614428), (nan, nan), (nan, nan), (nan, nan), (nan, nan)]"
134,Metlakatla Power & Light - Residential,0,1,1,0,0,,0.2022976,,0.0,Metlak,"[(nan, 0.0925), (nan, nan), (nan, nan), (nan, nan), (nan, nan)]"
135,St. George Electric Utility - Residential,0,1,1,0,0,0.7662,2.394613,,0.0,St. Ge,"[(nan, 1.0), (nan, nan), (nan, nan), (nan, nan), (nan, nan)]"
136,Copper Valley Electric Assn 2 - Residential,0,1,1,0,0,,0.6005461,20.0,0.0,Copper,"[(nan, 0.358), (nan, nan), (nan, nan), (nan, nan), (nan, nan)]"
146,Fairbanks Natural Gas - Residential,0,1,2,0,0,,,12.0,0.0,Fairba,"[(nan, 2.081), (nan, nan), (nan, nan), (nan, nan), (nan, nan)]"
147,Homer Electric Assn Remote - Residential,0,0,1,0,1,,1.5,11.0,0.0,Homer ,"[(600.0, 0.151138), (nan, 0.159658), (nan, nan), (nan, nan), (nan, nan)]"
199,Naukiti-APT - Residential,0,1,1,0,0,0.0627,0.1591897,22.0,0.0,Naukit,"[(nan, 0.3015), (nan, nan), (nan, nan), (nan, nan), (nan, nan)]"
201,AVEC-Alakanuk- Residential,0,1,1,0,0,0.4725,1.486074,5.0,0.0,AVEC-A,"[(750.0, 0.74), (nan, 0.6345), (nan, nan), (nan, nan), (nan, nan)]"
202,AVEC-Ambler - Residential,0,1,1,0,0,0.6313,1.777995,5.0,0.0,AVEC-A,"[(750.0, 0.8959), (nan, 0.7904), (nan, nan), (nan, nan), (nan, nan)]"
203,AVEC-Anvik - Residential,0,1,1,0,0,0.4833,1.958265,5.0,0.0,AVEC-A,"[(750.0, 0.7401), (nan, 0.6345999999999999), (nan, nan), (nan, nan), (nan, nan)]"
204,AVEC-Brevig Mission - Residential,0,1,1,0,0,0.4695,1.646332,5.0,0.0,AVEC-B,"[(750.0, 0.7256), (nan, 0.6201), (nan, nan), (nan, nan), (nan, nan)]"
205,AVEC-Chevak- Residential,0,1,1,0,0,0.3806,1.2611,5.0,0.0,AVEC-C,"[(750.0, 0.6586000000000001), (nan, 0.5531), (nan, nan), (nan, nan), (nan, nan)]"
206,AVEC-Eek - Residential,0,1,1,0,0,0.4595,1.699431,5.0,0.0,AVEC-E,"[(750.0, 0.7150000000000001), (nan, 0.6095), (nan, nan), (nan, nan), (nan, nan)]"
207,AVEC-Elim - Residential,0,1,1,0,0,0.51,1.73547,5.0,0.0,AVEC-E,"[(750.0, 0.7682), (nan, 0.6627), (nan, nan), (nan, nan), (nan, nan)]"
208,AVEC-Emmonak - Residential,0,1,1,0,0,0.4725,1.486074,5.0,0.0,AVEC-E,"[(750.0, 0.74), (nan, 0.6345), (nan, nan), (nan, nan), (nan, nan)]"
209,AVEC-Gambell - Residential,0,1,1,0,0,0.5002,1.591899,5.0,0.0,AVEC-G,"[(750.0, 0.7752), (nan, 0.6697), (nan, nan), (nan, nan), (nan, nan)]"
210,AVEC-Goodnews Bay - Residential,0,1,1,0,0,0.4101,1.689388,5.0,0.0,AVEC-G,"[(750.0, 0.6631), (nan, 0.5576), (nan, nan), (nan, nan), (nan, nan)]"
211,AVEC-Grayling- Residential,0,1,1,0,0,0.4323,1.854232,5.0,0.0,AVEC-G,"[(750.0, 0.6865), (nan, 0.581), (nan, nan), (nan, nan), (nan, nan)]"
212,AVEC-Holy Cross- Residential,0,1,1,0,0,0.3989,1.892176,5.0,0.0,AVEC-H,"[(750.0, 0.6513), (nan, 0.5458), (nan, nan), (nan, nan), (nan, nan)]"
213,AVEC-Hooper Bay- Residential,0,1,1,0,0,0.3746,1.551215,5.0,0.0,AVEC-H,"[(750.0, 0.6472), (nan, 0.5417), (nan, nan), (nan, nan), (nan, nan)]"
214,AVEC-Huslia - Residential,0,1,1,0,0,0.3555,1.720705,5.0,0.0,AVEC-H,"[(750.0, 0.6056), (nan, 0.5001), (nan, nan), (nan, nan), (nan, nan)]"
215,AVEC-Kaltag- Residential,0,1,1,0,0,0.4183,1.773234,5.0,0.0,AVEC-K,"[(750.0, 0.6717), (nan, 0.5662), (nan, nan), (nan, nan), (nan, nan)]"
216,AVEC-Kiana- Residential,0,1,1,0,0,0.486,1.746828,5.0,0.0,AVEC-K,"[(700.0, 0.743), (nan, 0.6375), (nan, nan), (nan, nan), (nan, nan)]"
217,AVEC-Kivalina- Residential,0,1,1,0,0,0.4713,1.640001,5.0,0.0,AVEC-K,"[(750.0, 0.7275), (nan, 0.622), (nan, nan), (nan, nan), (nan, nan)]"
218,AVEC-Koyuk - Residential,0,1,1,0,0,0.5254,1.674698,5.0,0.0,AVEC-K,"[(700.0, 0.7844), (nan, 0.6789), (nan, nan), (nan, nan), (nan, nan)]"
219,AVEC-Lwr/Upr Kalskag - Residential,0,1,1,0,0,0.517,1.716612,5.0,0.0,AVEC-L,"[(750.0, 0.7756000000000001), (nan, 0.6701), (nan, nan), (nan, nan), (nan, nan)]"
220,AVEC-Marshall - Residential,0,1,1,0,0,0.3921,1.788789,5.0,0.0,AVEC-M,"[(750.0, 0.6441), (nan, 0.5386), (nan, nan), (nan, nan), (nan, nan)]"
221,AVEC-Mekoryuk - Residential,0,1,1,0,0,0.4446,1.77864,5.0,0.0,AVEC-M,"[(750.0, 0.7081999999999999), (nan, 0.6027), (nan, nan), (nan, nan), (nan, nan)]"
222,AVEC-Minto - Residential,0,1,1,0,0,0.3835,1.626542,5.0,0.0,AVEC-M,"[(750.0, 0.6351), (nan, 0.5296), (nan, nan), (nan, nan), (nan, nan)]"
223,AVEC-Mt.Village- Residential,0,1,1,0,0,0.2961,1.304778,5.0,0.0,AVEC-M,"[(750.0, 0.6028), (nan, 0.49729999999999996), (nan, nan), (nan, nan), (nan, nan)]"
224,AVEC-New Stuyahok- Residential,0,1,1,0,0,0.4944,1.742509,5.0,0.0,AVEC-N,"[(750.0, 0.7518), (nan, 0.6463), (nan, nan), (nan, nan), (nan, nan)]"
225,AVEC-Nightmute- Residential,0,1,1,0,0,0.4239,1.522025,5.0,0.0,AVEC-N,"[(750.0, 0.6915), (nan, 0.586), (nan, nan), (nan, nan), (nan, nan)]"
226,AVEC-Noatak - Residential,0,1,1,0,0,0.7662,1.729009,5.0,0.0,AVEC-N,"[(750.0, 1.1846999999999999), (nan, 1.0792), (nan, nan), (nan, nan), (nan, nan)]"
227,AVEC-Noorvik - Residential,0,1,1,0,0,0.4933,1.729205,5.0,0.0,AVEC-N,"[(750.0, 0.7506999999999999), (nan, 0.6452), (nan, nan), (nan, nan), (nan, nan)]"
228,AVEC-Nulato- Residential,0,1,1,0,0,0.4012,1.744027,5.0,0.0,AVEC-N,"[(750.0, 0.6537), (nan, 0.5482), (nan, nan), (nan, nan), (nan, nan)]"
229,AVEC-Nunapitchuk/Kasig - Residential,0,1,1,0,0,0.4568,1.54915,5.0,0.0,AVEC-N,"[(750.0, 0.7331), (nan, 0.6275999999999999), (nan, nan), (nan, nan), (nan, nan)]"
230,AVEC-Old Harbor - Residential,0,1,1,0,0,0.3839,1.674152,5.0,0.0,AVEC-O,"[(750.0, 0.6355), (nan, 0.53), (nan, nan), (nan, nan), (nan, nan)]"
231,AVEC-Pilot Station- Residential,0,1,1,0,0,0.383,1.731404,5.0,0.0,AVEC-P,"[(750.0, 0.6346), (nan, 0.5291), (nan, nan), (nan, nan), (nan, nan)]"
232,AVEC-Quinhagak- Residential,0,1,1,0,0,0.3451,1.411971,5.0,0.0,AVEC-Q,"[(750.0, 0.6306), (nan, 0.5251), (nan, nan), (nan, nan), (nan, nan)]"
233,AVEC-Russian Mission - Residential,0,1,1,0,0,0.4015,1.692776,5.0,0.0,AVEC-R,"[(750.0, 0.654), (nan, 0.5485), (nan, nan), (nan, nan), (nan, nan)]"
234,AVEC-St.Mary's/Adref/Pitkas - Residential,0,1,1,0,0,0.2961,1.304778,5.0,0.0,AVEC-S,"[(750.0, 0.6028), (nan, 0.49729999999999996), (nan, nan), (nan, nan), (nan, nan)]"
235,AVEC-St.Michael- Residential,0,1,1,0,0,0.4124,1.632123,5.0,0.0,AVEC-S,"[(750.0, 0.7105), (nan, 0.605), (nan, nan), (nan, nan), (nan, nan)]"
236,AVEC-Savoonga - Residential,0,1,1,0,0,0.4849,1.649503,5.0,0.0,AVEC-S,"[(750.0, 0.742), (nan, 0.6365), (nan, nan), (nan, nan), (nan, nan)]"
237,AVEC-Scammon Bay - Residential,0,1,1,0,0,0.476,1.800197,5.0,0.0,AVEC-S,"[(750.0, 0.7324999999999999), (nan, 0.627), (nan, nan), (nan, nan), (nan, nan)]"
238,AVEC-Selawik- Residential,0,1,1,0,0,0.4566,1.747292,5.0,0.0,AVEC-S,"[(750.0, 0.712), (nan, 0.6065), (nan, nan), (nan, nan), (nan, nan)]"
239,AVEC-Shageluk - Residential,0,1,1,0,0,0.3569,1.997114,5.0,0.0,AVEC-S,"[(750.0, 0.6071), (nan, 0.5016), (nan, nan), (nan, nan), (nan, nan)]"
240,AVEC-Shaktoolik - Residential,0,1,1,0,0,0.3964,1.4254,5.0,0.0,AVEC-S,"[(750.0, 0.6647000000000001), (nan, 0.5592), (nan, nan), (nan, nan), (nan, nan)]"
241,AVEC-Shishmaref - Residential,0,1,1,0,0,0.4163,1.666454,5.0,0.0,AVEC-S,"[(750.0, 0.6696), (nan, 0.5641), (nan, nan), (nan, nan), (nan, nan)]"
242,AVEC-Shungnak - Residential,0,1,1,0,0,0.7645,1.838391,5.0,0.0,AVEC-S,"[(750.0, 1.0361), (nan, 0.9306), (nan, nan), (nan, nan), (nan, nan)]"
243,AVEC-Stebbins- Residential,0,1,1,0,0,0.4124,1.632123,5.0,0.0,AVEC-S,"[(700.0, 0.7105), (nan, 0.605), (nan, nan), (nan, nan), (nan, nan)]"
244,AVEC-Togiak - Residential,0,1,1,0,0,0.4079,1.627232,5.0,0.0,AVEC-T,"[(750.0, 0.6608), (nan, 0.5553), (nan, nan), (nan, nan), (nan, nan)]"
245,AVEC-Toksook Bay - Residential,0,1,1,0,0,0.4239,1.522025,5.0,0.0,AVEC-T,"[(750.0, 0.6915), (nan, 0.586), (nan, nan), (nan, nan), (nan, nan)]"
246,AVEC-Tununak - Residential,0,1,1,0,0,0.4239,1.522025,5.0,0.0,AVEC-T,"[(750.0, 0.6915), (nan, 0.586), (nan, nan), (nan, nan), (nan, nan)]"
247,AVEC-Wales - Residential,0,1,1,0,0,0.5132,1.736018,5.0,0.0,AVEC-W,"[(750.0, 0.7716000000000001), (nan, 0.6661), (nan, nan), (nan, nan), (nan, nan)]"
248,Alatna-APT- Residential,0,1,1,0,1,0.75,2.109265,25.3,0.0,Alatna,"[(nan, 1.141228), (nan, nan), (nan, nan), (nan, nan), (nan, nan)]"
249,Allakaket - APT - Residential,0,1,1,0,1,0.75,2.109265,25.3,0.0,Allaka,"[(nan, 1.141228), (nan, nan), (nan, nan), (nan, nan), (nan, nan)]"
250,Bettles- APT - Residential,0,1,1,0,0,0.58,2.027641,26.3,0.0,Bettle,"[(nan, 0.9206000000000001), (nan, nan), (nan, nan), (nan, nan), (nan, nan)]"
251,Chistochina-APT- Residential,0,1,1,0,0,0.36,1.771758,25.3,0.0,Chisto,"[(nan, 0.7409), (nan, nan), (nan, nan), (nan, nan), (nan, nan)]"
252,Coffman Cove-APT - Residential,0,1,1,0,0,0.0627,0.1591897,25.3,0.0,Coffma,"[(nan, 0.3015), (nan, nan), (nan, nan), (nan, nan), (nan, nan)]"
253,Craig-APT - Residential,0,1,1,0,0,0.0627,0.1591897,25.3,0.0,Craig-,"[(nan, 0.3015), (nan, nan), (nan, nan), (nan, nan), (nan, nan)]"
254,Dot Lake-APT - Residential,0,1,1,0,0,0.23,1.745148,25.3,0.0,Dot La,"[(nan, 0.5588), (nan, nan), (nan, nan), (nan, nan), (nan, nan)]"
256,Eagle Village-APT - Residential,0,1,1,0,0,0.59,2.060729,25.3,0.0,Eagle ,"[(nan, 0.8825000000000001), (nan, nan), (nan, nan), (nan, nan), (nan, nan)]"
257,Evansville-APT- Residential,0,1,1,0,0,0.58,2.027641,22.0,0.0,Evansv,"[(nan, 0.9206000000000001), (nan, nan), (nan, nan), (nan, nan), (nan, nan)]"
258,Haines-APT - Residential,0,1,1,0,0,0.0289,0.1102586,25.3,0.0,Haines,"[(nan, 0.2611), (nan, nan), (nan, nan), (nan, nan), (nan, nan)]"
259,Healy Lake-APT - Residential,0,1,1,0,1,0.53,2.789303,25.3,0.0,Healy ,"[(nan, 1.003628), (nan, nan), (nan, nan), (nan, nan), (nan, nan)]"
260,Hollis-APT - Residential,0,1,1,0,0,0.0627,0.1591897,25.3,0.0,Hollis,"[(nan, 0.3015), (nan, nan), (nan, nan), (nan, nan), (nan, nan)]"
261,Hydaburg-APT - Residential,0,1,1,0,0,0.0627,0.1591897,25.3,0.0,Hydabu,"[(nan, 0.3015), (nan, nan), (nan, nan), (nan, nan), (nan, nan)]"
262,Kasaan-APT - Residential,0,1,1,0,0,0.0627,0.1591897,25.3,0.0,Kasaan,"[(nan, 0.3015), (nan, nan), (nan, nan), (nan, nan), (nan, nan)]"
263,Klawock-APT - Residential,0,1,1,0,0,0.0627,0.1591897,25.3,0.0,Klawoc,"[(nan, 0.3015), (nan, nan), (nan, nan), (nan, nan), (nan, nan)]"
264,Mentasta Lake-APT - Residential,0,1,1,0,0,0.3612,1.804428,25.3,0.0,Mentas,"[(nan, 0.7409), (nan, nan), (nan, nan), (nan, nan), (nan, nan)]"
266,Northway-APT - Residential,0,1,1,0,0,0.3922,1.935616,22.0,0.0,Northw,"[(nan, 0.7736000000000001), (nan, nan), (nan, nan), (nan, nan), (nan, nan)]"
267,Skagway-APT - Residential,0,1,1,0,0,0.0289,0.2138342,25.3,0.0,Skagwa,"[(nan, 0.2611), (nan, nan), (nan, nan), (nan, nan), (nan, nan)]"
268,Tetlin-APT - Residential,0,1,1,0,0,0.2319,1.747023,25.3,0.0,Tetlin,"[(nan, 0.5588), (nan, nan), (nan, nan), (nan, nan), (nan, nan)]"
269,Thorne Bay-APT - Residential,0,1,1,0,0,0.0627,0.1591897,25.3,0.0,Thorne,"[(nan, 0.3015), (nan, nan), (nan, nan), (nan, nan), (nan, nan)]"
270,Tok-APT - Residential,0,1,1,0,0,0.2319,1.747023,25.3,0.0,Tok-AP,"[(nan, 0.5588), (nan, nan), (nan, nan), (nan, nan), (nan, nan)]"
271,Whale Pass-APT - Residential,0,1,1,0,1,0.0627,2.111706,25.3,0.0,Whale ,"[(nan, 0.302528), (nan, nan), (nan, nan), (nan, nan), (nan, nan)]"
272,AVEC-Kasigluk - Residential,0,0,1,0,0,0.256,1.8,5.0,0.0,AVEC-K,"[(700.0, 0.5001), (nan, 0.4001), (nan, nan), (nan, nan), (nan, nan)]"
273,Lime Village - Residential,0,1,1,0,1,0.7662,4.089749,0.0,0.0,Lime V,"[(nan, 1.775828), (nan, nan), (nan, nan), (nan, nan), (nan, nan)]"
274,Stevens Village - Residential,0,1,1,0,0,0.5631,3.98199,,0.0,Steven,"[(nan, 1.07), (nan, nan), (nan, nan), (nan, nan), (nan, nan)]"
275,"Platinum, City of - Residential",0,1,1,0,0,0.0001,2.055835,,0.0,Platin,"[(nan, 0.95), (nan, nan), (nan, nan), (nan, nan), (nan, nan)]"
277,Chalkyitsik Village Energy - Residential,0,1,1,0,0,0.5025,2.430724,,0.0,Chalky,"[(nan, 0.95), (nan, nan), (nan, nan), (nan, nan), (nan, nan)]"
278,Chenega Bay - Residential,0,1,1,0,0,0.7662,2.093737,,0.0,Cheneg,"[(nan, 1.12), (nan, nan), (nan, nan), (nan, nan), (nan, nan)]"
279,Twin Hills Village Council - Residential,0,1,1,0,0,0.3544,2.652244,2.0,0.0,Twin H,"[(nan, 0.619), (nan, nan), (nan, nan), (nan, nan), (nan, nan)]"
280,Venetie Village Electric - Residential,0,1,1,0,0,0.7065,2.677009,,0.0,Veneti,"[(nan, 0.9), (nan, nan), (nan, nan), (nan, nan), (nan, nan)]"
281,AVEC-Teller - Residential,0,1,1,0,0,0.4969,1.776351,5.0,0.0,AVEC-T,"[(750.0, 0.7544), (nan, 0.6489), (nan, nan), (nan, nan), (nan, nan)]"
282,Slana-APT - Residential,0,1,1,0,1,0.3612,1.771758,22.0,0.0,Slana-,"[(nan, 0.7419279999999999), (nan, nan), (nan, nan), (nan, nan), (nan, nan)]"
283,Inside Passage Electric Coop - Residential,0,1,1,0,1,0.3908,1.378304,11.0,0.0,Inside,"[(nan, 0.6790280000000001), (nan, nan), (nan, nan), (nan, nan), (nan, nan)]"
284,Circle Elec Utility - Residential,0,1,1,0,0,0.6407,2.185336,,0.0,Circle,"[(nan, 0.9375), (nan, nan), (nan, nan), (nan, nan), (nan, nan)]"
285,"Akhiok, City of Commercial -Sm",0,1,1,1,0,0.3266,2.574322,,0.0,Akhiok,"[(nan, 0.8), (nan, nan), (nan, nan), (nan, nan), (nan, nan)]"
286,Akiachak Commercial - Sm,0,1,1,1,0,0.3341,1.734183,,0.0,Akiach,"[(nan, 0.6), (nan, nan), (nan, nan), (nan, nan), (nan, nan)]"
287,"Akiak, City of - Commercial - Sm",0,1,1,1,0,0.3295,1.813185,,0.0,"Akiak,","[(nan, 0.63), (nan, nan), (nan, nan), (nan, nan), (nan, nan)]"
288,"Akutan, City of - Commercial - Sm",0,1,1,1,0,0.7565,2.053912,,0.0,Akutan,"[(nan, 0.95), (nan, nan), (nan, nan), (nan, nan), (nan, nan)]"
289,AEL&P - Sm Commercial,0,1,1,1,1,,0.002855618,17.74,0.0,AEL&P ,"[(nan, 0.114728), (nan, nan), (nan, nan), (nan, nan), (nan, nan)]"
290,Alatna-APT - Commercial - Sm,0,1,1,1,1,0.75,2.109265,118.88,37.7,Alatna,"[(nan, 1.119428), (nan, nan), (nan, nan), (nan, nan), (nan, nan)]"
291,Allakaket - APT - Commercial - Sm,0,1,1,1,1,0.75,2.109265,118.88,37.7,Allaka,"[(nan, 1.119428), (nan, nan), (nan, nan), (nan, nan), (nan, nan)]"
292,Alutiiq Power- Commercial - Sm,0,1,1,1,0,0.5065,2.731869,,0.0,Alutii,"[(nan, 0.7), (nan, nan), (nan, nan), (nan, nan), (nan, nan)]"
293,Anchorage ML&P - Commercial - Sm,0,0,1,1,1,,1.1,30.46,0.0,Anchor,"[(nan, 0.141938), (nan, nan), (nan, nan), (nan, nan), (nan, nan)]"
294,"Atka, City of",0,1,1,1,0,0.3329,0.5889879,,0.0,"Atka, ","[(nan, 0.625), (nan, nan), (nan, nan), (nan, nan), (nan, nan)]"
295,Aniak Light & Power - Commercial - Sm,0,1,1,1,1,0.7662,2.097938,,0.0,Aniak ,"[(nan, 1.081228), (nan, nan), (nan, nan), (nan, nan), (nan, nan)]"
296,Arctic Village Elec - Commercial - Sm,0,1,1,1,0,0.7662,2.527019,,0.0,Arctic,"[(nan, 1.0), (nan, nan), (nan, nan), (nan, nan), (nan, nan)]"
297,Atmautluak Joint Utilities - Commercial - Sm,0,1,1,1,0,0.4665,1.873096,35.86,0.0,Atmaut,"[(nan, 0.66), (nan, nan), (nan, nan), (nan, nan), (nan, nan)]"
298,AVEC-Alakanuk - Commercial - Sm,0,1,1,1,0,0.4725,1.486074,5.0,0.0,AVEC-A,"[(750.0, 0.74), (nan, 0.6345), (nan, nan), (nan, nan), (nan, nan)]"
299,AVEC-Ambler - Commercial - Sm,0,1,1,1,0,0.6313,1.777995,5.0,0.0,AVEC-A,"[(750.0, 0.8959), (nan, 0.7894), (nan, nan), (nan, nan), (nan, nan)]"
300,AVEC-Anvik - Commercial - Sm,0,1,1,1,0,0.4833,1.958265,5.0,0.0,AVEC-A,"[(750.0, 0.7401), (nan, 0.6345999999999999), (nan, nan), (nan, nan), (nan, nan)]"
301,AVEC-Brevig Mission - Commercial - Sm,0,1,1,1,0,0.4695,1.646332,5.0,0.0,AVEC-B,"[(750.0, 0.7256), (nan, 0.6201), (nan, nan), (nan, nan), (nan, nan)]"
302,AVEC-Chevak - Commercial - Sm,0,1,1,1,0,0.3806,1.2611,5.0,0.0,AVEC-C,"[(750.0, 0.6586000000000001), (nan, 0.5531), (nan, nan), (nan, nan), (nan, nan)]"
303,AVEC-Eek - Commercial - Sm,0,1,1,1,0,0.4595,1.699431,5.0,0.0,AVEC-E,"[(750.0, 0.7150000000000001), (nan, 0.6095), (nan, nan), (nan, nan), (nan, nan)]"
304,AVEC-Elim - Commercial - Sm,0,1,1,1,0,0.51,1.73547,5.0,0.0,AVEC-E,"[(750.0, 0.7682), (nan, 0.6627), (nan, nan), (nan, nan), (nan, nan)]"
305,AVEC-Emmonak - Commercial - Sm,0,1,1,1,0,0.4725,1.486074,5.0,0.0,AVEC-E,"[(750.0, 0.74), (nan, 0.6345), (nan, nan), (nan, nan), (nan, nan)]"
306,AVEC-Gambell - Commercial - Sm,0,1,1,1,0,0.5002,1.591899,5.0,0.0,AVEC-G,"[(750.0, 0.7752), (nan, 0.6697), (nan, nan), (nan, nan), (nan, nan)]"
307,AVEC-Goodnews Bay - Commercial - Sm,0,1,1,1,0,0.4101,1.689388,5.0,0.0,AVEC-G,"[(750.0, 0.6631), (nan, 0.5576), (nan, nan), (nan, nan), (nan, nan)]"
308,AVEC-Grayling - Commercial - Sm,0,1,1,1,0,0.4323,1.854232,5.0,0.0,AVEC-G,"[(750.0, 0.6865), (nan, 0.581), (nan, nan), (nan, nan), (nan, nan)]"
309,AVEC-Holy Cross - Commercial - Sm,0,1,1,1,0,0.3989,1.892176,5.0,0.0,AVEC-H,"[(750.0, 0.6513), (nan, 0.5458), (nan, nan), (nan, nan), (nan, nan)]"
310,AVEC-Hooper Bay - Commercial - Sm,0,1,1,1,0,0.3746,1.551215,5.0,0.0,AVEC-H,"[(750.0, 0.6472), (nan, 0.5417), (nan, nan), (nan, nan), (nan, nan)]"
311,AVEC-Huslia - Commercial - Sm,0,1,1,1,0,0.3555,1.720705,5.0,0.0,AVEC-H,"[(750.0, 0.6056), (nan, 0.5001), (nan, nan), (nan, nan), (nan, nan)]"
312,AVEC-Kaltag - Commercial - Sm,0,1,1,1,0,0.4183,1.773234,5.0,0.0,AVEC-K,"[(750.0, 0.6717), (nan, 0.5662), (nan, nan), (nan, nan), (nan, nan)]"
313,AVEC-Kasigluk - Commercial - Sm,0,0,1,1,0,,1.8,5.0,0.0,AVEC-K,"[(700.0, 0.5001), (nan, 0.4001), (nan, nan), (nan, nan), (nan, nan)]"
314,AVEC-Kiana - Commercial - Sm,0,1,1,1,0,0.486,1.746828,5.0,0.0,AVEC-K,"[(750.0, 0.743), (nan, 0.6375), (nan, nan), (nan, nan), (nan, nan)]"
315,AVEC-Kivalina - Commercial - Sm,0,1,1,1,0,0.4713,1.640001,5.0,0.0,AVEC-K,"[(750.0, 0.7275), (nan, 0.622), (nan, nan), (nan, nan), (nan, nan)]"
316,AVEC-Koyuk - Commercial - Sm,0,1,1,1,0,0.5254,1.674698,5.0,0.0,AVEC-K,"[(750.0, 0.7844), (nan, 0.6789), (nan, nan), (nan, nan), (nan, nan)]"
317,AVEC-Lwr/Upr Kalskag - Commercial - Sm,0,1,1,1,0,0.517,1.716612,5.0,0.0,AVEC-L,"[(750.0, 0.7756000000000001), (nan, 0.6701), (nan, nan), (nan, nan), (nan, nan)]"
318,AVEC-Marshal l - Commercial - Sm,0,1,1,1,0,0.3921,1.788789,5.0,0.0,AVEC-M,"[(750.0, 0.6441), (nan, 0.5386), (nan, nan), (nan, nan), (nan, nan)]"
319,AVEC-Mekoryuk - Commercial - Sm,0,1,1,1,0,0.4446,1.77864,5.0,0.0,AVEC-M,"[(750.0, 0.7081999999999999), (nan, 0.6027), (nan, nan), (nan, nan), (nan, nan)]"
320,AVEC-Minto - Commercial - Sm,0,1,1,1,0,0.3835,1.626542,5.0,0.0,AVEC-M,"[(750.0, 0.6351), (nan, 0.5296), (nan, nan), (nan, nan), (nan, nan)]"
321,AVEC-Mt.Village - Commercial - Sm,0,1,1,1,0,0.2961,1.304778,5.0,0.0,AVEC-M,"[(750.0, 0.6028), (nan, 0.49729999999999996), (nan, nan), (nan, nan), (nan, nan)]"
322,AVEC-New Stuyahok - Commercial - Sm,0,1,1,1,0,0.4944,1.742509,5.0,0.0,AVEC-N,"[(750.0, 0.7518), (nan, 0.6463), (nan, nan), (nan, nan), (nan, nan)]"
323,AVEC-Nightmute - Commercial - Sm,0,1,1,1,0,0.4239,1.522025,5.0,0.0,AVEC-N,"[(750.0, 0.6915), (nan, 0.586), (nan, nan), (nan, nan), (nan, nan)]"
324,AVEC-Noatak - Commercial - Sm,0,1,1,1,0,0.7662,1.729009,5.0,0.0,AVEC-N,"[(750.0, 1.1846999999999999), (nan, 1.0792), (nan, nan), (nan, nan), (nan, nan)]"
325,AVEC-Noorvik - Commercial - Sm,0,1,1,1,0,0.4933,1.729205,5.0,0.0,AVEC-N,"[(750.0, 0.7506999999999999), (nan, 0.6452), (nan, nan), (nan, nan), (nan, nan)]"
326,AVEC-Nulato - Commercial - Sm,0,1,1,1,0,0.4012,1.744027,5.0,0.0,AVEC-N,"[(750.0, 0.6537), (nan, 0.5482), (nan, nan), (nan, nan), (nan, nan)]"
327,AVEC-Nunapitchuk/Kasig - Commercial - Sm,0,1,1,1,0,0.4568,1.54915,5.0,0.0,AVEC-N,"[(750.0, 0.7331), (nan, 0.6275999999999999), (nan, nan), (nan, nan), (nan, nan)]"
328,AVEC-Old Harbor - Commercial - Sm,0,1,1,1,0,0.3839,1.674152,5.0,0.0,AVEC-O,"[(750.0, 0.6355), (nan, 0.53), (nan, nan), (nan, nan), (nan, nan)]"
329,AVEC-Pilot Station - Commercial - Sm,0,1,1,1,0,0.383,1.731404,5.0,0.0,AVEC-P,"[(750.0, 0.6346), (nan, 0.5291), (nan, nan), (nan, nan), (nan, nan)]"
330,AVEC-Quinhagak - Commercial - Sm,0,1,1,1,0,0.3451,1.411971,5.0,0.0,AVEC-Q,"[(750.0, 0.6306), (nan, 0.5251), (nan, nan), (nan, nan), (nan, nan)]"
331,AVEC-Russian Mission - Commercial - Sm,0,1,1,1,0,0.4015,1.692776,5.0,0.0,AVEC-R,"[(750.0, 0.654), (nan, 0.5485), (nan, nan), (nan, nan), (nan, nan)]"
332,AVEC-Savoonga - Commercial - Sm,0,1,1,1,0,0.4849,1.649503,5.0,0.0,AVEC-S,"[(750.0, 0.742), (nan, 0.6365), (nan, nan), (nan, nan), (nan, nan)]"
333,AVEC-Scammon Bay - Commercial - Sm,0,1,1,1,0,0.476,1.800197,5.0,0.0,AVEC-S,"[(750.0, 0.7324999999999999), (nan, 0.627), (nan, nan), (nan, nan), (nan, nan)]"
334,AVEC-Selawik - Commercial - Sm,0,1,1,1,0,0.4566,1.747292,5.0,0.0,AVEC-S,"[(750.0, 0.712), (nan, 0.6065), (nan, nan), (nan, nan), (nan, nan)]"
335,AVEC-Shageluk - Commercial - Sm,0,1,1,1,0,0.3569,1.997114,5.0,0.0,AVEC-S,"[(750.0, 0.6071), (nan, 0.5016), (nan, nan), (nan, nan), (nan, nan)]"
336,AVEC-Shaktoolik - Commercial - Sm,0,1,1,1,0,0.3964,1.4254,5.0,0.0,AVEC-S,"[(750.0, 0.6647000000000001), (nan, 0.5592), (nan, nan), (nan, nan), (nan, nan)]"
337,AVEC-Shishmaref - Commercial - Sm,0,1,1,1,0,0.4163,1.666454,5.0,0.0,AVEC-S,"[(750.0, 0.6696), (nan, 0.5641), (nan, nan), (nan, nan), (nan, nan)]"
338,AVEC-Shungnak - Commercial - Sm,0,1,1,1,0,0.7645,1.838391,5.0,0.0,AVEC-S,"[(750.0, 1.0361), (nan, 0.9306), (nan, nan), (nan, nan), (nan, nan)]"
339,AVEC-St.Mary's/Adref/Pitkas - Commercial - Sm,0,1,1,1,0,0.2961,1.304778,5.0,0.0,AVEC-S,"[(750.0, 0.6028), (nan, 0.49729999999999996), (nan, nan), (nan, nan), (nan, nan)]"
340,AVEC-St.Michael - Commercial - Sm,0,1,1,1,0,0.4124,1.632123,5.0,0.0,AVEC-S,"[(750.0, 0.7105), (nan, 0.605), (nan, nan), (nan, nan), (nan, nan)]"
341,AVEC-Stebbins - Commercial - Sm,0,1,1,1,0,0.4124,1.632123,5.0,0.0,AVEC-S,"[(750.0, 0.7105), (nan, 0.605), (nan, nan), (nan, nan), (nan, nan)]"
342,AVEC-Teller - Commercial - Sm,0,1,1,1,0,0.4969,1.776351,5.0,0.0,AVEC-T,"[(750.0, 0.7544), (nan, 0.6489), (nan, nan), (nan, nan), (nan, nan)]"
343,AVEC-Togiak - Commercial - Sm,0,1,1,1,0,0.4079,1.627232,5.0,0.0,AVEC-T,"[(750.0, 0.6608), (nan, 0.5553), (nan, nan), (nan, nan), (nan, nan)]"
344,AVEC-Toksook Bay - Commercial - Sm,0,1,1,1,0,0.4239,1.522025,5.0,0.0,AVEC-T,"[(750.0, 0.6915), (nan, 0.586), (nan, nan), (nan, nan), (nan, nan)]"
345,AVEC-Tununak - Commercial - Sm,0,1,1,1,0,0.4239,1.522025,5.0,0.0,AVEC-T,"[(750.0, 0.6915), (nan, 0.586), (nan, nan), (nan, nan), (nan, nan)]"
346,AVEC-Wales - Commercial - Sm,0,1,1,1,0,0.5132,1.736018,5.0,0.0,AVEC-W,"[(750.0, 0.7716000000000001), (nan, 0.6661), (nan, nan), (nan, nan), (nan, nan)]"
347,Barrow Utilities - elec - Commercial - Lg,0,1,1,1,0,,2.028199,210.0,0.0,Barrow,"[(nan, 0.1392), (nan, nan), (nan, nan), (nan, nan), (nan, nan)]"
348,Barrow Utilities & Electric-gas - Commercial - Sm,0,1,2,1,0,,,30.0,0.0,Barrow,"[(55.0, 0.0), (nan, 0.41), (nan, nan), (nan, nan), (nan, nan)]"
349,Beaver Village Electric Utility - Commercial - Sm,0,1,1,1,0,0.6267,2.499755,,0.0,Beaver,"[(nan, 0.9), (nan, nan), (nan, nan), (nan, nan), (nan, nan)]"
350,Bethel - Commercial - Sm,0,1,1,1,1,0.1776,1.630212,5.0,0.0,Bethel,"[(nan, 0.44542799999999994), (nan, nan), (nan, nan), (nan, nan), (nan, nan)]"
351,Bettles- APT - Commercial - Sm,0,1,1,1,0,0.58,2.027641,118.88,32.78,Bettle,"[(nan, 0.8988), (nan, nan), (nan, nan), (nan, nan), (nan, nan)]"
352,Birch Creek Utilities - Commercial - Sm,0,1,1,1,0,0.7597,3.480678,,0.0,Birch ,"[(nan, 1.15), (nan, nan), (nan, nan), (nan, nan), (nan, nan)]"
353,"Buckland, City of - Commercial - Sm",0,1,1,1,0,0.2942,1.957637,,0.0,Buckla,"[(nan, 0.5), (nan, nan), (nan, nan), (nan, nan), (nan, nan)]"
354,Central Electric - Commercial - Sm,0,1,1,1,1,0.4959,2.753425,0.0,0.0,Centra,"[(nan, 0.8251280000000001), (nan, nan), (nan, nan), (nan, nan), (nan, nan)]"
355,Chalkyitsik Village Energy - Commercial - Sm,0,1,1,1,0,0.5025,2.430724,,0.0,Chalky,"[(nan, 0.95), (nan, nan), (nan, nan), (nan, nan), (nan, nan)]"
356,Chenega Bay - Commercial - Sm,0,1,1,1,0,0.7662,2.093737,,0.0,Cheneg,"[(nan, 1.12), (nan, nan), (nan, nan), (nan, nan), (nan, nan)]"
357,Chignik Lake Electric Utility - Commercial - Sm,0,1,1,1,0,0.4377,2.7239,5.0,0.0,Chigni,"[(nan, 0.7), (nan, nan), (nan, nan), (nan, nan), (nan, nan)]"
358,"Chignik, City of - Commercial - Sm",0,1,1,1,0,0.2225,1.742497,0.0,0.0,Chigni,"[(nan, 0.416), (nan, nan), (nan, nan), (nan, nan), (nan, nan)]"
359,Chistochina-APT - Commercial - Sm,0,1,1,1,0,0.36,1.771758,118.88,37.7,Chisto,"[(nan, 0.7191), (nan, nan), (nan, nan), (nan, nan), (nan, nan)]"
360,Chitina Electric - Commercial - Sm,0,1,1,1,0,0.7662,2.356347,25.0,0.0,Chitin,"[(nan, 1.1), (nan, nan), (nan, nan), (nan, nan), (nan, nan)]"
361,Chugach Electric South - Commercial - Sm,0,1,1,1,1,,0.7572226,17.0,0.0,Chugac,"[(nan, 0.17160799999999998), (nan, nan), (nan, nan), (nan, nan), (nan, nan)]"
362,Circle Elec Utility - Commercial - Sm,0,1,1,1,0,0.6407,2.185336,,0.0,Circle,"[(nan, 0.9375), (nan, nan), (nan, nan), (nan, nan), (nan, nan)]"
363,Coffman Cove-APT - Commercial - Sm,0,1,1,1,0,0.0627,0.1591897,103.37,9.71,Coffma,"[(nan, 0.2383), (nan, nan), (nan, nan), (nan, nan), (nan, nan)]"
364,Copper Valley Electric Assn 1 - Commercial - Sm,0,1,1,1,0,,0.6005461,30.0,0.0,Copper,"[(nan, 0.37549999999999994), (nan, nan), (nan, nan), (nan, nan), (nan, nan)]"
365,Copper Valley Electric Assn 2 - Commercial - Sm,0,1,1,1,0,,0.6005461,30.0,0.0,Copper,"[(nan, 0.358), (nan, nan), (nan, nan), (nan, nan), (nan, nan)]"
366,Cordova Electric Cooperative - Commercial - Sm,0,1,1,1,0,0.0912,0.5688799,23.5,0.0,Cordov,"[(500.0, 0.354), (nan, 0.2217), (nan, nan), (nan, nan), (nan, nan)]"
367,Craig-APT - Commercial - Sm,0,1,1,1,0,0.0627,0.1591897,118.88,9.71,Craig-,"[(nan, 0.2383), (nan, nan), (nan, nan), (nan, nan), (nan, nan)]"
368,Diomede  Joint Utilities - Commercial - Sm,0,1,1,1,0,0.3754,2.725553,35.0,0.0,Diomed,"[(nan, 0.65), (nan, nan), (nan, nan), (nan, nan), (nan, nan)]"
369,Dot Lake-APT - Commercial - Sm,0,1,1,1,0,0.23,1.745148,118.88,10.98,Dot La,"[(nan, 13.144700000000002), (nan, nan), (nan, nan), (nan, nan), (nan, nan)]"
370,Eagle Village-APT - Commercial - Sm,0,1,1,1,0,0.59,2.060729,118.88,37.7,Eagle ,"[(nan, 0.8607), (nan, nan), (nan, nan), (nan, nan), (nan, nan)]"
371,Egegik Light & Power - Commercial - Sm,0,1,1,1,0,0.4565,2.114206,0.0,0.0,Egegik,"[(nan, 0.65), (nan, nan), (nan, nan), (nan, nan), (nan, nan)]"
372,AVEC  Ekwok Commercial - Sm,0,1,1,1,0,0.4944,1.742509,5.0,0.0,AVEC  ,"[(750.0, 0.7518), (nan, 0.6463), (nan, nan), (nan, nan), (nan, nan)]"
373,Elfin Cove Electric - Commercial - Sm,0,1,1,1,0,0.4898,2.345662,,0.0,Elfin ,"[(nan, 0.87), (nan, nan), (nan, nan), (nan, nan), (nan, nan)]"
374,Enstar Natural Gas - G2,0,1,2,1,1,,,35.5,0.0,Enstar,"[(nan, 0.962198), (nan, nan), (nan, nan), (nan, nan), (nan, nan)]"
375,Evansville-APT - Commercial - Sm,0,1,1,1,0,0.58,2.027641,118.88,37.7,Evansv,"[(nan, 0.8988), (nan, nan), (nan, nan), (nan, nan), (nan, nan)]"
376,Fairbanks Natural Gas - Commercial - Sm,0,1,2,1,1,,,22.0,0.0,Fairba,"[(nan, 2.0710279999999996), (nan, nan), (nan, nan), (nan, nan), (nan, nan)]"
377,False Pass Electric - Commercial - Sm,0,1,1,1,0,0.481,2.031942,,0.0,False ,"[(nan, 0.719), (nan, nan), (nan, nan), (nan, nan), (nan, nan)]"
378,"G&K, Inc - Commercial - Sm",0,1,1,1,1,0.7662,2.118109,12.5,7.05,"G&K, I","[(nan, 1.241028), (nan, nan), (nan, nan), (nan, nan), (nan, nan)]"
379,Galena Electric Utility - Commercial - Sm,0,1,1,1,0,0.4025,1.917758,11.2,0.0,Galena,"[(nan, 0.6723), (nan, nan), (nan, nan), (nan, nan), (nan, nan)]"
380,Golden Valley Electric - Com- Sm GS1,0,1,1,1,1,,2.358446,26.0,0.0,Golden,"[(nan, 0.260248), (nan, nan), (nan, nan), (nan, nan), (nan, nan)]"
381,"Golovin, City of - Commercial - Sm",0,1,1,1,0,0.1826,2.139312,,0.0,Golovi,"[(nan, 0.46), (nan, nan), (nan, nan), (nan, nan), (nan, nan)]"
382,Gustavus APT - Commercial - Sm,0,1,1,1,0,0.1,0.2706425,118.88,12.5,Gustav,"[(nan, 0.34159999999999996), (nan, nan), (nan, nan), (nan, nan), (nan, nan)]"
383,Gwitchyaa Zhee Utility Co - Commercial - Sm,0,1,1,1,1,0.4755,2.082066,0.0,0.0,Gwitch,"[(100.0, 0.817428), (400.0, 0.742528), (500.0, 0.6676279999999999), (1000.0, 0.5926279999999999), (nan, 0.5627279999999999)]"
384,Haines-APT - Commercial - Sm,0,1,1,1,0,0.0289,0.1102586,118.88,9.37,Haines,"[(nan, 0.224), (nan, nan), (nan, nan), (nan, nan), (nan, nan)]"
385,Healy Lake-APT - Commercial - Sm,0,1,1,1,1,,2.789303,118.88,37.7,Healy ,"[(nan, 0.981828), (nan, nan), (nan, nan), (nan, nan), (nan, nan)]"
386,Hollis-APT - Commercial - Sm,0,1,1,1,0,0.0627,0.1591897,103.37,9.71,Hollis,"[(nan, 0.2383), (nan, nan), (nan, nan), (nan, nan), (nan, nan)]"
387,Homer Electric Assn  - Commercial - Sm,0,1,1,1,1,,1.028624,20.0,0.0,Homer ,"[(nan, 0.262908), (nan, nan), (nan, nan), (nan, nan), (nan, nan)]"
388,Homer Electric Assn Remote - Commercial - Sm,0,0,1,1,1,,1.5,40.0,7.7386,Homer ,"[(3000.0, 0.147538), (nan, 0.133008), (nan, nan), (nan, nan), (nan, nan)]"
389,Hughes Power & Light Co - Commercial - Sm,0,1,1,1,0,0.7114,2.275382,,0.0,Hughes,"[(nan, 0.91), (nan, nan), (nan, nan), (nan, nan), (nan, nan)]"
390,Hydaburg-APT - Commercial - Sm,0,1,1,1,0,0.0627,0.1591897,118.88,9.71,Hydabu,"[(nan, 0.2383), (nan, nan), (nan, nan), (nan, nan), (nan, nan)]"
391,Igiugig Village Council - Commercial - Sm,0,1,1,1,0,0.7222,2.008079,5.0,0.0,Igiugi,"[(nan, 0.9157), (nan, nan), (nan, nan), (nan, nan), (nan, nan)]"
392,"I-N-N Electric Cooperative, Inc - Commercial - Sm",0,1,1,1,0,0.3999,0.02588284,19.5,0.0,I-N-N ,"[(1000.0, 0.52), (nan, 0.49), (nan, nan), (nan, nan), (nan, nan)]"
393,Inside Passage Electric Coop  - Commercial - Sm,0,1,1,1,1,0.3908,1.378304,17.0,0.0,Inside,"[(nan, 0.6790280000000001), (nan, nan), (nan, nan), (nan, nan), (nan, nan)]"
394,Ipnatchiaq Electrric Co - Commercial - Sm,0,1,1,1,0,0.4622,1.609351,19.25,0.0,Ipnatc,"[(nan, 0.6747), (nan, nan), (nan, nan), (nan, nan), (nan, nan)]"
395,Kasaan-APT - Commercial - Sm,0,1,1,1,0,0.0627,0.1591897,118.88,9.71,Kasaan,"[(nan, 0.2383), (nan, nan), (nan, nan), (nan, nan), (nan, nan)]"
396,"Ketchikan, City of - Commercial - Sm NonDemand",0,1,1,1,0,,0.1136134,18.15,3.06,Ketchi,"[(nan, 0.0989), (nan, nan), (nan, nan), (nan, nan), (nan, nan)]"
397,"King Cove, City of - Commercial - Sm",0,1,1,1,0,0.0001,0.2065458,0.0,0.0,King C,"[(nan, 0.3), (nan, nan), (nan, nan), (nan, nan), (nan, nan)]"
398,Kipnuk Light Plant - Commercial - Sm,0,1,1,1,1,0.4967,1.441385,,0.0,Kipnuk,"[(nan, 0.6912280000000001), (nan, nan), (nan, nan), (nan, nan), (nan, nan)]"
399,Klawock-APT - Commercial - Sm,0,1,1,1,0,0.0627,0.1591897,118.88,9.71,Klawoc,"[(nan, 0.2383), (nan, nan), (nan, nan), (nan, nan), (nan, nan)]"
400,Kobuk Valley Electric - Commercial - Sm,0,0,1,1,0,,,,0.0,Kobuk ,"[(700.0, nan), (nan, nan), (nan, nan), (nan, nan), (nan, nan)]"
401,Kodiak Electric Assn - Commercial - Sm,0,1,1,1,0,,0.004386014,15.0,0.0,Kodiak,"[(300.0, 0.19890000000000002), (nan, 0.1776), (nan, nan), (nan, nan), (nan, nan)]"
402,Kokhanok Village Council - Commercial - Sm,0,1,1,1,0,0.7662,2.299731,10.0,0.0,Kokhan,"[(nan, 0.97), (nan, nan), (nan, nan), (nan, nan), (nan, nan)]"
403,Koliganek Village Council - Commercial - Sm,0,1,1,1,0,0.3065,2.111816,21.4,0.0,Koliga,"[(nan, 0.5), (nan, nan), (nan, nan), (nan, nan), (nan, nan)]"
404,AVEC-Kotlik - Commercial - Sm,0,1,1,1,0,0.475,1.75359,5.0,0.0,AVEC-K,"[(750.0, 0.7314), (nan, 0.6259), (nan, nan), (nan, nan), (nan, nan)]"
405,Kotzebue Electric Assn - Sm Commercial - Sm,0,1,1,1,0,0.2289,1.469073,25.0,0.0,Kotzeb,"[(nan, 0.39180000000000004), (nan, nan), (nan, nan), (nan, nan), (nan, nan)]"
406,"Koyukuk, City of - Commercial - Sm",0,1,1,1,0,0.3865,3.577778,,0.0,Koyuku,"[(nan, 0.95), (nan, nan), (nan, nan), (nan, nan), (nan, nan)]"
407,Kuiggluum Kallugvia - Commercial - Sm,0,1,1,1,0,0.3265,2.311544,,0.0,Kuiggl,"[(nan, 0.52), (nan, nan), (nan, nan), (nan, nan), (nan, nan)]"
408,Kwig Power Company - Commercial - Sm,0,1,1,1,0,0.3597,1.790428,,0.0,Kwig P,"[(nan, 0.67), (nan, nan), (nan, nan), (nan, nan), (nan, nan)]"
409,Larsen Bay Electric - Commercial - Sm,0,1,1,1,0,0.0001,0.1805789,0.0,0.0,Larsen,"[(nan, 0.41), (nan, nan), (nan, nan), (nan, nan), (nan, nan)]"
410,Levelock Electric Cooperativ - Commercial - Sm,0,1,1,1,0,0.6453,2.528538,0.0,0.0,Levelo,"[(nan, 1.35), (nan, nan), (nan, nan), (nan, nan), (nan, nan)]"
411,Lime Village - Commercial - Sm,0,1,1,1,1,0.7662,4.089749,0.0,0.0,Lime V,"[(nan, 1.775828), (nan, nan), (nan, nan), (nan, nan), (nan, nan)]"
412,Manakotak Power Company - Commercial - Sm,0,1,1,1,0,0.1722,1.793386,0.0,0.0,Manako,"[(nan, 0.6), (nan, nan), (nan, nan), (nan, nan), (nan, nan)]"
413,Manley Utility Co - Commercial - Sm,0,1,1,1,1,0.7662,2.26414,20.0,0.0,Manley,"[(nan, 1.2703280000000001), (nan, nan), (nan, nan), (nan, nan), (nan, nan)]"
414,Matanuska Electric Assn. - Commercial - Sm,0,1,1,1,1,,0.8981139,13.0,0.0,Matanu,"[(1300.0, 0.20640799999999998), (nan, 0.192758), (nan, nan), (nan, nan), (nan, nan)]"
415,McGrath Light & Power - Commercial - Sm,0,1,1,1,1,0.4504,1.859494,20.0,0.0,McGrat,"[(nan, 0.849728), (nan, nan), (nan, nan), (nan, nan), (nan, nan)]"
416,Mentasta Lake-APT - Commercial - Sm,0,1,1,1,0,0.3612,1.804428,118.88,37.7,Mentas,"[(nan, 0.7191), (nan, nan), (nan, nan), (nan, nan), (nan, nan)]"
417,Metlakatla Power & Light - Commercial - Sm,0,1,1,1,0,,0.2022976,,0.0,Metlak,"[(nan, 0.0925), (nan, nan), (nan, nan), (nan, nan), (nan, nan)]"
418,Middle Kuskokwim Electric Coop - Commercial - Sm,0,1,1,1,1,0.7662,2.560855,28.05,0.0,Middle,"[(nan, 1.430428), (nan, nan), (nan, nan), (nan, nan), (nan, nan)]"
419,Naknek - Commercial - Sm,0,1,1,1,0,0.2677,1.66061,30.0,0.0,Naknek,"[(1000.0, 0.5834), (nan, 0.5684), (nan, nan), (nan, nan), (nan, nan)]"
420,Napakiak - Commercial - Sm,0,1,1,1,1,0.2642,1.630212,0.0,0.0,Napaki,"[(nan, 0.864028), (nan, nan), (nan, nan), (nan, nan), (nan, nan)]"
421,"Napaskiak, Inc - Commercial - Sm",0,1,1,1,0,0.2897,2.50221,25.0,0.0,Napask,"[(nan, 0.7), (nan, nan), (nan, nan), (nan, nan), (nan, nan)]"
422,Naterkaq Light Plant - Commercial - Sm,0,1,1,1,0,0.3719,1.993055,,0.0,Naterk,"[(nan, 0.74), (nan, nan), (nan, nan), (nan, nan), (nan, nan)]"
423,Naukiti-APT - Commercial - Sm,0,1,1,1,0,0.0627,0.1591897,118.88,9.71,Naukit,"[(nan, 0.2383), (nan, nan), (nan, nan), (nan, nan), (nan, nan)]"
424,Nelson Lagoon Electric Coop - Commercial - Sm,0,1,1,1,0,0.5495,2.866622,0.0,0.0,Nelson,"[(nan, 0.84), (nan, nan), (nan, nan), (nan, nan), (nan, nan)]"
425,"Nikolai Light & Power, City of - Commercial - Sm",0,1,1,1,0,0.6673,2.472341,,0.0,Nikola,"[(nan, 0.9), (nan, nan), (nan, nan), (nan, nan), (nan, nan)]"
426,Nome Joint Utilities Systems - Commercial - Sm,0,1,1,1,0,0.188,1.458501,20.0,0.0,Nome J,"[(nan, 0.4456), (nan, nan), (nan, nan), (nan, nan), (nan, nan)]"
427,North Slope Borough Utilities - Commercial - Sm,0,1,1,1,1,0.1565,1.970787,15.0,0.0,North ,"[(600.0, 0.201028), (10000.0, 0.30102799999999996), (nan, 0.35102799999999995), (nan, nan), (nan, nan)]"
428,Northway-APT - Commercial - Sm,0,1,1,1,0,0.3922,1.935616,118.88,37.7,Northw,"[(nan, 0.7518), (nan, nan), (nan, nan), (nan, nan), (nan, nan)]"
429,Nunum Iqua Electric - Commercial - Sm,0,1,1,1,0,0.3506,1.886753,,0.0,Nunum ,"[(nan, 0.5622), (nan, nan), (nan, nan), (nan, nan), (nan, nan)]"
430,Nushagak Electric Cooperative - Commercial - Sm,0,1,1,1,0,0.2591,1.636292,35.0,0.0,Nushag,"[(nan, 0.5268), (nan, nan), (nan, nan), (nan, nan), (nan, nan)]"
431,"Ouzinkie, City of - Commercial - Sm",0,1,1,1,0,0.2858,1.739969,5.0,0.0,Ouzink,"[(nan, 0.5175), (nan, nan), (nan, nan), (nan, nan), (nan, nan)]"
432,"Paxson Lodge, Inc - Commercial - Sm",0,0,1,1,0,,1.72,,0.0,Paxson,"[(nan, 1.7), (nan, nan), (nan, nan), (nan, nan), (nan, nan)]"
433,Pedro Bay Village Council - Commercial - Sm,0,1,1,1,0,0.6232,2.604706,,0.0,Pedro ,"[(nan, 0.82), (nan, nan), (nan, nan), (nan, nan), (nan, nan)]"
434,Pelican - Commercial - Sm,0,1,1,1,0,0.0606,1.17961,10.54,0.0,Pelica,"[(nan, 0.2541), (nan, nan), (nan, nan), (nan, nan), (nan, nan)]"
435,Perryville Electric Utility - Commercial - Sm,0,1,1,1,0,0.212,2.045262,,0.0,Perryv,"[(nan, 0.95), (nan, nan), (nan, nan), (nan, nan), (nan, nan)]"
436,"Petersburg, City of - Commercial - Sm",0,1,1,1,0,,0.1136134,12.0,0.0,Peters,"[(3000.0, 0.123), (nan, 0.116), (nan, nan), (nan, nan), (nan, nan)]"
437,Pilot Point - Commercial - Sm,0,1,1,1,0,0.4065,2.734724,10.0,0.0,Pilot ,"[(nan, 0.6), (nan, nan), (nan, nan), (nan, nan), (nan, nan)]"
438,"Platinum, City of - Commercial - Sm",0,1,1,1,0,0.0001,2.055835,,0.0,Platin,"[(nan, 0.95), (nan, nan), (nan, nan), (nan, nan), (nan, nan)]"
439,"Port Heiden, City of - Commercial - Sm",0,1,1,1,0,0.4552,2.267204,0.0,0.0,Port H,"[(nan, 0.65), (nan, nan), (nan, nan), (nan, nan), (nan, nan)]"
440,Puvurnaq Power Company - Commercial - Sm,0,1,1,1,0,0.3855,1.386522,,0.0,Puvurn,"[(nan, 0.72), (nan, nan), (nan, nan), (nan, nan), (nan, nan)]"
441,"Ruby, City of - Commercial - Sm",0,1,1,1,0,0.602,1.904561,5.0,0.0,"Ruby, ","[(nan, 0.85), (nan, nan), (nan, nan), (nan, nan), (nan, nan)]"
442,Sand Point TDX - Commercial - Sm,0,1,1,1,1,0.4355,1.633114,8.55,0.0,Sand P,"[(nan, 0.729928), (nan, nan), (nan, nan), (nan, nan), (nan, nan)]"
444,"Seward, City of - Commercial - Sm",0,1,1,1,0,,0.7572226,42.22,0.0,Seward,"[(nan, 0.21660000000000001), (nan, nan), (nan, nan), (nan, nan), (nan, nan)]"
445,"Sitka, City & Borough - Commercial - Sm",0,1,1,1,0,,0.00780205,40.95,6.58,"Sitka,","[(nan, 0.1736), (nan, nan), (nan, nan), (nan, nan), (nan, nan)]"
446,Skagway-APT - Commercial - Sm,0,1,1,1,0,0.0289,0.2138342,118.88,9.37,Skagwa,"[(nan, 0.224), (nan, nan), (nan, nan), (nan, nan), (nan, nan)]"
447,Slana-APT - Commercial - Sm,0,1,1,1,0,0.3612,1.771758,118.88,37.7,Slana-,"[(nan, 0.7191), (nan, nan), (nan, nan), (nan, nan), (nan, nan)]"
448,St. George Electric Utility - Commercial - Sm,0,1,1,1,0,0.7662,2.394613,,0.0,St. Ge,"[(nan, 1.0), (nan, nan), (nan, nan), (nan, nan), (nan, nan)]"
449,"St. Paul, City of - Commercial - Sm",0,1,1,1,0,0.3742,1.755471,,0.0,St. Pa,"[(nan, 0.57), (nan, nan), (nan, nan), (nan, nan), (nan, nan)]"
450,Stevens Village - Commercial - Sm,0,1,1,1,0,0.5631,3.98199,,0.0,Steven,"[(nan, 1.07), (nan, nan), (nan, nan), (nan, nan), (nan, nan)]"
451,Takotna Community Association - Commercial - Sm,0,1,1,1,0,0.6873,2.449977,,0.0,Takotn,"[(nan, 1.022), (nan, nan), (nan, nan), (nan, nan), (nan, nan)]"
452,Tanalian Electric Coop - Commercial - Sm,0,1,1,1,0,0.6264,1.870495,5.0,0.0,Tanali,"[(nan, 0.8281), (nan, nan), (nan, nan), (nan, nan), (nan, nan)]"
453,"Tanana Power Company, Inc - Commercial - Sm",0,1,1,1,1,0.4241,1.769005,0.0,0.0,Tanana,"[(10000.0, 0.662228), (20000.0, 0.646128), (nan, 0.620428), (nan, nan), (nan, nan)]"
454,Tatitlek Electric Utility - Commercial - Sm,0,1,1,1,0,0.6694,2.54859,0.0,0.0,Tatitl,"[(nan, 0.92), (nan, nan), (nan, nan), (nan, nan), (nan, nan)]"
455,Teller Power Company - Commercial - Sm,0,0,1,1,0,,1.8,0.0,0.0,Teller,"[(nan, 0.5628), (nan, nan), (nan, nan), (nan, nan), (nan, nan)]"
456,Tenakee Springs Electric Utility - Commercial - Sm,0,1,1,1,0,0.4222,2.093795,7.5,0.0,Tenake,"[(nan, 0.84), (nan, nan), (nan, nan), (nan, nan), (nan, nan)]"
457,Tetlin-APT - Commercial - Sm,0,1,1,1,0,0.2319,1.747023,118.88,12.63,Tetlin,"[(nan, 0.5146999999999999), (nan, nan), (nan, nan), (nan, nan), (nan, nan)]"
458,Thorne Bay-APT - Commercial - Sm,0,1,1,1,0,0.0627,0.1591897,118.88,9.71,Thorne,"[(nan, 0.2383), (nan, nan), (nan, nan), (nan, nan), (nan, nan)]"
459,Tok-APT- Commercial - Sm,0,1,1,1,0,0.2319,1.747023,118.88,12.63,Tok-AP,"[(nan, 0.5146999999999999), (nan, nan), (nan, nan), (nan, nan), (nan, nan)]"
460,Tuluksak Traditional Power - Residential,0,1,1,0,0,0.3997,2.495093,,0.0,Tuluks,"[(nan, 0.75), (nan, nan), (nan, nan), (nan, nan), (nan, nan)]"
461,Tuntutuliak Community Services - Commercial - Sm,0,1,1,1,0,0.454,2.060982,40.0,0.0,Tuntut,"[(nan, 0.65), (nan, nan), (nan, nan), (nan, nan), (nan, nan)]"
462,Twin Hills Village Council - Commercial - Sm,0,1,1,1,0,0.3544,2.652244,2.0,0.0,Twin H,"[(nan, 0.619), (nan, nan), (nan, nan), (nan, nan), (nan, nan)]"
463,"Umnak Power Co., The Native Vill - Commercial - Sm",0,1,1,1,0,0.5565,2.729944,15.0,0.0,Umnak ,"[(nan, 0.75), (nan, nan), (nan, nan), (nan, nan), (nan, nan)]"
464,Unalakleet Valley Electric Assoc - Commercial - Sm,0,1,1,1,0,0.3358,1.309492,4.0,0.0,Unalak,"[(nan, 0.6134), (nan, nan), (nan, nan), (nan, nan), (nan, nan)]"
465,"Unalaska, City of - Commercial - Sm",0,1,1,1,0,0.1495,1.407252,10.61,0.0,Unalas,"[(nan, 0.4546), (nan, nan), (nan, nan), (nan, nan), (nan, nan)]"
466,Unqusrag - Commercial - Sm,0,1,1,1,0,0.6065,1.789354,,0.0,Unqusr,"[(nan, 0.8), (nan, nan), (nan, nan), (nan, nan), (nan, nan)]"
467,Venetie Village Electric - Commercial - Sm,0,1,1,1,0,0.7065,2.677009,,0.0,Veneti,"[(nan, 0.9), (nan, nan), (nan, nan), (nan, nan), (nan, nan)]"
468,Whale Pass-APT - Commercial - Sm,0,1,1,1,1,0.0627,2.111706,118.88,9.71,Whale ,"[(nan, 0.23932799999999999), (nan, nan), (nan, nan), (nan, nan), (nan, nan)]"
469,"White Mountain, City of - Commercial - Sm",0,1,1,1,0,0.3261,1.994477,10.0,0.0,White ,"[(nan, 0.55), (nan, nan), (nan, nan), (nan, nan), (nan, nan)]"
470,"Wrangell, City of - Commercial - Sm",0,1,1,1,0,,0.1136134,9.0,0.0,Wrange,"[(nan, 0.1441), (nan, nan), (nan, nan), (nan, nan), (nan, nan)]"
471,AVEC -Yakutat - Commercial - Sm,0,1,1,1,0,0.3586,1.707497,,0.0,AVEC -,"[(750.0, 0.5321), (nan, 0.4952), (nan, nan), (nan, nan), (nan, nan)]"
472,"Akhiok, City of Commercial - Lg",0,1,1,1,0,0.3266,2.574322,,0.0,Akhiok,"[(nan, 0.8), (nan, nan), (nan, nan), (nan, nan), (nan, nan)]"
473,Akiachak Commercial - Lg,0,1,1,1,0,0.3341,1.734183,,0.0,Akiach,"[(nan, 0.6), (nan, nan), (nan, nan), (nan, nan), (nan, nan)]"
474,"Akiak, City of - Commercial - Lg",0,1,1,1,0,0.3295,1.813185,,0.0,"Akiak,","[(nan, 0.63), (nan, nan), (nan, nan), (nan, nan), (nan, nan)]"
475,"Akutan, City of - Commercial - Lg",0,1,1,1,0,0.7565,2.053912,,0.0,Akutan,"[(nan, 0.95), (nan, nan), (nan, nan), (nan, nan), (nan, nan)]"
476,AEL&P - Lg Commercial,0,1,1,1,1,,0.002855618,86.53,13.2375,AEL&P ,"[(nan, 0.06422800000000001), (nan, nan), (nan, nan), (nan, nan), (nan, nan)]"
477,Alatna-APT- Commercial - Lg,0,1,1,1,1,0.75,2.109265,198.11,52.61,Alatna,"[(nan, 1.156728), (nan, nan), (nan, nan), (nan, nan), (nan, nan)]"
478,Allakaket - APT- Commercial - Lg,0,1,1,1,1,0.75,2.109265,198.11,52.61,Allaka,"[(nan, 1.156728), (nan, nan), (nan, nan), (nan, nan), (nan, nan)]"
479,Alutiiq Power- Commercial - Lg,0,1,1,1,0,0.5065,2.731869,,0.0,Alutii,"[(nan, 0.7), (nan, nan), (nan, nan), (nan, nan), (nan, nan)]"
480,Anchorage ML&P - Commercial - Lg,0,0,1,1,1,,1.1,92.61,44.53,Anchor,"[(nan, 0.028138000000000003), (nan, nan), (nan, nan), (nan, nan), (nan, nan)]"
481,"Atka, City of Large Commercial",0,1,1,1,0,0.3329,0.5889879,,0.0,"Atka, ","[(nan, 0.625), (nan, nan), (nan, nan), (nan, nan), (nan, nan)]"
482,Aniak Light & Power - Commercial - Lg,0,1,1,1,1,0.7662,2.097938,,0.0,Aniak ,"[(nan, 1.081228), (nan, nan), (nan, nan), (nan, nan), (nan, nan)]"
483,Arctic Village Elec - Commercial - Lg,0,1,1,1,0,0.7662,2.527019,,0.0,Arctic,"[(nan, 1.0), (nan, nan), (nan, nan), (nan, nan), (nan, nan)]"
484,Atmautluak Joint Utilities - Commercial - Lg,0,1,1,1,0,0.4665,1.873096,35.86,0.0,Atmaut,"[(nan, 0.66), (nan, nan), (nan, nan), (nan, nan), (nan, nan)]"
485,AVEC-Alakanuk - Commercial - Lg,0,1,1,1,0,0.4725,1.486074,45.0,55.0,AVEC-A,"[(1500.0, 0.5435), (nan, 0.46349999999999997), (nan, nan), (nan, nan), (nan, nan)]"
486,AVEC-Ambler - Commercial - Lg,0,1,1,1,0,0.6313,1.777995,55.0,45.0,AVEC-A,"[(1500.0, 0.6994), (nan, 0.6194000000000001), (nan, nan), (nan, nan), (nan, nan)]"
487,AVEC-Anvik - Commercial - Lg,0,1,1,1,0,0.4833,1.958265,55.0,45.0,AVEC-A,"[(1500.0, 0.5436), (nan, 0.46359999999999996), (nan, nan), (nan, nan), (nan, nan)]"
488,AVEC-Brevig Mission - Commercial - Lg,0,1,1,1,0,0.4695,1.646332,55.0,45.0,AVEC-B,"[(1500.0, 0.5291), (nan, 0.4491), (nan, nan), (nan, nan), (nan, nan)]"
489,AVEC-Chevak - Commercial - Lg,0,1,1,1,0,0.3806,1.2611,55.0,45.0,AVEC-C,"[(1500.0, 0.4621), (nan, 0.3821), (nan, nan), (nan, nan), (nan, nan)]"
490,AVEC-Eek - Commercial - Lg,0,1,1,1,0,0.4595,1.699431,55.0,45.0,AVEC-E,"[(1500.0, 0.5185), (nan, 0.4385), (nan, nan), (nan, nan), (nan, nan)]"
491,AVEC-Elim - Commercial - Lg,0,1,1,1,0,0.51,1.73547,55.0,45.0,AVEC-E,"[(1500.0, 0.5717), (nan, 0.49169999999999997), (nan, nan), (nan, nan), (nan, nan)]"
492,AVEC-Emmonak - Commercial - Lg,0,1,1,1,0,0.4725,1.486074,55.0,45.0,AVEC-E,"[(1500.0, 0.5435), (nan, 0.46349999999999997), (nan, nan), (nan, nan), (nan, nan)]"
493,AVEC-Gambell - Commercial - Lg,0,1,1,1,0,0.5002,1.591899,55.0,45.0,AVEC-G,"[(1500.0, 0.5787), (nan, 0.4987), (nan, nan), (nan, nan), (nan, nan)]"
494,AVEC-Goodnews Bay - Commercial - Lg,0,1,1,1,0,0.4101,1.689388,55.0,45.0,AVEC-G,"[(1500.0, 0.4666), (nan, 0.3866), (nan, nan), (nan, nan), (nan, nan)]"
495,AVEC-Grayling - Commercial - Lg,0,1,1,1,0,0.4323,1.854232,55.0,45.0,AVEC-G,"[(1500.0, 0.49), (nan, 0.41), (nan, nan), (nan, nan), (nan, nan)]"
496,AVEC-Holy Cross - Commercial - Lg,0,1,1,1,0,0.3989,1.892176,55.0,45.0,AVEC-H,"[(1500.0, 0.4548), (nan, 0.37479999999999997), (nan, nan), (nan, nan), (nan, nan)]"
497,AVEC-Hooper Bay - Commercial - Lg,0,1,1,1,0,0.3746,1.551215,55.0,45.0,AVEC-H,"[(1500.0, 0.4507), (nan, 0.3707), (nan, nan), (nan, nan), (nan, nan)]"
498,AVEC-Huslia - Commercial - Lg,0,1,1,1,0,0.3555,1.720705,55.0,45.0,AVEC-H,"[(1500.0, 0.4091), (nan, 0.3291), (nan, nan), (nan, nan), (nan, nan)]"
499,AVEC-Kaltag - Commercial - Lg,0,1,1,1,0,0.4183,1.773234,55.0,45.0,AVEC-K,"[(1500.0, 0.4752), (nan, 0.3952), (nan, nan), (nan, nan), (nan, nan)]"
500,AVEC-Kasigluk - Commercial - Lg,0,0,1,1,0,,1.8,45.0,45.0,AVEC-K,"[(1500.0, 0.3201), (nan, 0.2401), (nan, nan), (nan, nan), (nan, nan)]"
501,AVEC-Kiana - Commercial - Lg,0,1,1,1,0,0.486,1.746828,55.0,45.0,AVEC-K,"[(1500.0, 0.5465), (nan, 0.46649999999999997), (nan, nan), (nan, nan), (nan, nan)]"
502,AVEC-Kivalina - Commercial - Lg,0,1,1,1,0,0.4713,1.640001,55.0,45.0,AVEC-K,"[(1500.0, 0.5309999999999999), (nan, 0.45099999999999996), (nan, nan), (nan, nan), (nan, nan)]"
503,AVEC-Koyuk - Commercial - Lg,0,1,1,1,0,0.5254,1.674698,55.0,45.0,AVEC-K,"[(1500.0, 0.5879), (nan, 0.5079), (nan, nan), (nan, nan), (nan, nan)]"
504,AVEC-Lwr/Upr Kalskag - Commercial - Lg,0,1,1,1,0,0.517,1.716612,55.0,45.0,AVEC-L,"[(1500.0, 0.5791), (nan, 0.4991), (nan, nan), (nan, nan), (nan, nan)]"
505,AVEC-Marshall - Commercial - Lg,0,1,1,1,0,0.3921,1.788789,55.0,45.0,AVEC-M,"[(1500.0, 0.4476), (nan, 0.3676), (nan, nan), (nan, nan), (nan, nan)]"
506,AVEC-Mekoryuk - Commercial - Lg,0,1,1,1,0,0.4446,1.77864,55.0,45.0,AVEC-M,"[(1500.0, 0.5117), (nan, 0.4317), (nan, nan), (nan, nan), (nan, nan)]"
507,AVEC-Minto - Commercial - Lg,0,1,1,1,0,0.3835,1.626542,55.0,45.0,AVEC-M,"[(1500.0, 0.4386), (nan, 0.3586), (nan, nan), (nan, nan), (nan, nan)]"
508,AVEC-Mt.Village - Commercial - Lg,0,1,1,1,0,0.2961,1.304778,55.0,45.0,AVEC-M,"[(1500.0, 0.4063), (nan, 0.3263), (nan, nan), (nan, nan), (nan, nan)]"
509,AVEC-New Stuyahok - Commercial - Lg,0,1,1,1,0,0.4944,1.742509,55.0,45.0,AVEC-N,"[(1500.0, 0.5553), (nan, 0.4753), (nan, nan), (nan, nan), (nan, nan)]"
510,AVEC-Nightmute - Commercial - Lg,0,1,1,1,0,0.4239,1.522025,55.0,45.0,AVEC-N,"[(1500.0, 0.495), (nan, 0.415), (nan, nan), (nan, nan), (nan, nan)]"
511,AVEC-Noatak - Commercial - Lg,0,1,1,1,0,0.7662,1.729009,55.0,45.0,AVEC-N,"[(1500.0, 0.9882), (nan, 0.9082), (nan, nan), (nan, nan), (nan, nan)]"
512,AVEC-Noorvik - Commercial - Lg,0,1,1,1,0,0.4933,1.729205,55.0,45.0,AVEC-N,"[(1500.0, 0.5542), (nan, 0.47419999999999995), (nan, nan), (nan, nan), (nan, nan)]"
513,AVEC-Nulato - Commercial - Lg,0,1,1,1,0,0.4012,1.744027,55.0,45.0,AVEC-N,"[(1500.0, 0.4572), (nan, 0.3772), (nan, nan), (nan, nan), (nan, nan)]"
514,AVEC-Nunapitchuk/Kasig - Commercial - Lg,0,1,1,1,0,0.4568,1.54915,55.0,45.0,AVEC-N,"[(1500.0, 0.5366), (nan, 0.45659999999999995), (nan, nan), (nan, nan), (nan, nan)]"
515,AVEC-Old Harbor - Commercial - Lg,0,1,1,1,0,0.3839,1.674152,55.0,45.0,AVEC-O,"[(1500.0, 0.439), (nan, 0.359), (nan, nan), (nan, nan), (nan, nan)]"
516,AVEC-Pilot Station - Commercial - Lg,0,1,1,1,0,0.383,1.731404,55.0,45.0,AVEC-P,"[(1500.0, 0.4381), (nan, 0.3581), (nan, nan), (nan, nan), (nan, nan)]"
517,AVEC-Quinhagak - Commercial - Lg,0,1,1,1,0,0.3451,1.411971,55.0,45.0,AVEC-Q,"[(1500.0, 0.4341), (nan, 0.35409999999999997), (nan, nan), (nan, nan), (nan, nan)]"
518,AVEC-Russian Mission - Commercial - Lg,0,1,1,1,0,0.4015,1.692776,55.0,45.0,AVEC-R,"[(1500.0, 0.4575), (nan, 0.3775), (nan, nan), (nan, nan), (nan, nan)]"
519,AVEC-Savoonga - Commercial - Lg,0,1,1,1,0,0.4849,1.649503,55.0,45.0,AVEC-S,"[(1500.0, 0.5455), (nan, 0.46549999999999997), (nan, nan), (nan, nan), (nan, nan)]"
520,AVEC-Scammon Bay - Commercial - Lg,0,1,1,1,0,0.476,1.800197,55.0,45.0,AVEC-S,"[(1500.0, 0.536), (nan, 0.45599999999999996), (nan, nan), (nan, nan), (nan, nan)]"
521,AVEC-Selawik - Commercial - Lg,0,1,1,1,0,0.4566,1.747292,55.0,45.0,AVEC-S,"[(1500.0, 0.5155000000000001), (nan, 0.4355), (nan, nan), (nan, nan), (nan, nan)]"
522,AVEC-Shageluk - Commercial - Lg,0,1,1,1,0,0.3569,1.997114,55.0,45.0,AVEC-S,"[(1500.0, 0.4106), (nan, 0.3306), (nan, nan), (nan, nan), (nan, nan)]"
523,AVEC-Shaktoolik - Commercial - Lg,0,1,1,1,0,0.3964,1.4254,55.0,45.0,AVEC-S,"[(1500.0, 0.4682), (nan, 0.3882), (nan, nan), (nan, nan), (nan, nan)]"
524,AVEC-Shishmaref - Commercial - Lg,0,1,1,1,0,0.4163,1.666454,55.0,45.0,AVEC-S,"[(1500.0, 0.4731), (nan, 0.3931), (nan, nan), (nan, nan), (nan, nan)]"
525,AVEC-Shungnak - Commercial - Lg,0,1,1,1,0,0.7645,1.838391,55.0,45.0,AVEC-S,"[(1500.0, 0.8396), (nan, 0.7596), (nan, nan), (nan, nan), (nan, nan)]"
526,AVEC-St.Mary's/Adref/Pitkas - Commercial - Lg,0,1,1,1,0,0.2961,1.304778,55.0,45.0,AVEC-S,"[(1500.0, 0.4063), (nan, 0.3263), (nan, nan), (nan, nan), (nan, nan)]"
527,AVEC-St.Michael - Commercial - Lg,0,1,1,1,0,0.4124,1.632123,55.0,45.0,AVEC-S,"[(1500.0, 0.514), (nan, 0.434), (nan, nan), (nan, nan), (nan, nan)]"
528,AVEC-Stebbins - Commercial - Lg,0,1,1,1,0,0.4124,1.632123,55.0,45.0,AVEC-S,"[(1500.0, 0.514), (nan, 0.434), (nan, nan), (nan, nan), (nan, nan)]"
529,AVEC-Teller - Commercial - Lg,0,1,1,1,0,0.4969,1.776351,55.0,45.0,AVEC-T,"[(1500.0, 0.5579000000000001), (nan, 0.4779), (nan, nan), (nan, nan), (nan, nan)]"
530,AVEC-Togiak - Commercial - Lg,0,1,1,1,0,0.4079,1.627232,55.0,45.0,AVEC-T,"[(1500.0, 0.4643), (nan, 0.3843), (nan, nan), (nan, nan), (nan, nan)]"
531,AVEC-Toksook Bay - Commercial - Lg,0,1,1,1,0,0.4239,1.522025,55.0,45.0,AVEC-T,"[(1500.0, 0.495), (nan, 0.415), (nan, nan), (nan, nan), (nan, nan)]"
532,AVEC-Tununak - Commercial - Lg,0,1,1,1,0,0.4239,1.522025,55.0,45.0,AVEC-T,"[(1500.0, 0.495), (nan, 0.415), (nan, nan), (nan, nan), (nan, nan)]"
533,AVEC-Wales - Commercial - Lg,0,1,1,1,0,0.5132,1.736018,55.0,45.0,AVEC-W,"[(1500.0, 0.5751), (nan, 0.4951), (nan, nan), (nan, nan), (nan, nan)]"
534,Barrow Utilities & Electric-elec - Commercial - SM,0,1,1,1,0,,2.028199,30.0,0.0,Barrow,"[(nan, 0.1404), (nan, nan), (nan, nan), (nan, nan), (nan, nan)]"
535,Barrow Utilities & Electric-gas - Commercial - Lg,0,1,2,1,0,,,30.0,0.0,Barrow,"[(55.0, 0.0), (nan, 0.41), (nan, nan), (nan, nan), (nan, nan)]"
536,Beaver Village - Commercial - Lg,0,1,1,1,0,0.6267,2.499755,0.0,0.0,Beaver,"[(nan, 0.9), (nan, nan), (nan, nan), (nan, nan), (nan, nan)]"
537,AVEC-Bethel  - Commercial - Lg,0,1,1,1,1,0.1776,1.630212,45.0,26.84,AVEC-B,"[(nan, 0.35302799999999995), (nan, nan), (nan, nan), (nan, nan), (nan, nan)]"
538,Bettles- APT - Commercial - Lg,0,1,1,1,1,0.58,2.027641,198.11,52.61,Bettle,"[(nan, 0.937128), (nan, nan), (nan, nan), (nan, nan), (nan, nan)]"
539,Birch Creek Utilities - Commercial - Lg,0,1,1,1,0,0.7597,3.480678,,0.0,Birch ,"[(nan, 1.15), (nan, nan), (nan, nan), (nan, nan), (nan, nan)]"
540,"Buckland, City of - Commercial - Lg",0,1,1,1,0,0.2942,1.957637,,0.0,Buckla,"[(nan, 0.5), (nan, nan), (nan, nan), (nan, nan), (nan, nan)]"
541,Central Electric - Commercial - Lg,0,1,1,1,1,0.4959,2.753425,12.0,0.0,Centra,"[(nan, 0.8251280000000001), (nan, nan), (nan, nan), (nan, nan), (nan, nan)]"
542,Chalkyitsik Village Energy - Commercial - Lg,0,1,1,1,0,0.5025,2.430724,,0.0,Chalky,"[(nan, 0.95), (nan, nan), (nan, nan), (nan, nan), (nan, nan)]"
543,Chenega Bay - Commercial - Lg,0,1,1,1,0,0.7662,2.093737,,0.0,Cheneg,"[(nan, 1.12), (nan, nan), (nan, nan), (nan, nan), (nan, nan)]"
544,Chignik Lake Electric Utility - Commercial - Lg,0,1,1,1,0,0.4377,2.7239,5.0,0.0,Chigni,"[(nan, 0.7), (nan, nan), (nan, nan), (nan, nan), (nan, nan)]"
545,"Chignik, City of - Commercial - Lg",0,1,1,1,0,0.2225,1.742497,0.0,0.0,Chigni,"[(nan, 0.416), (nan, nan), (nan, nan), (nan, nan), (nan, nan)]"
546,Chistochina-APT - Commercial - Lg,0,1,1,1,1,0.36,1.771758,198.11,52.61,Chisto,"[(nan, 0.757428), (nan, nan), (nan, nan), (nan, nan), (nan, nan)]"
547,Chitina Electric - Commercial - Lg,0,1,1,1,0,0.7662,2.356347,25.0,0.0,Chitin,"[(nan, 1.1), (nan, nan), (nan, nan), (nan, nan), (nan, nan)]"
548,Chugach Electric South - Commercial - Lg,0,1,1,1,1,,0.7572226,55.0,21.98,Chugac,"[(nan, 0.12354799999999999), (nan, nan), (nan, nan), (nan, nan), (nan, nan)]"
549,Circle Elec Utility - Commercial - Lg,0,1,1,1,0,0.6407,2.185336,,0.0,Circle,"[(nan, 0.9375), (nan, nan), (nan, nan), (nan, nan), (nan, nan)]"
550,Coffman Cove-APT - Commercial - Lg,0,1,1,1,0,0.0627,0.1591897,198.11,9.48,Coffma,"[(nan, 0.24180000000000001), (nan, nan), (nan, nan), (nan, nan), (nan, nan)]"
551,Copper Valley Electric Assn 1 - Commercial - Lg,0,1,1,1,0,,0.6005461,100.0,12.0,Copper,"[(10000.0, 0.349), (nan, 0.3236), (nan, nan), (nan, nan), (nan, nan)]"
552,Copper Valley Electric Assn 2 - Commercial - Lg,0,1,1,1,0,,0.6005461,100.0,12.0,Copper,"[(25000.0, 0.33899999999999997), (nan, 0.301), (nan, nan), (nan, nan), (nan, nan)]"
553,Cordova Electric - Commercial - Lg,0,1,1,1,0,0.0912,0.5688799,60.0,8.57,Cordov,"[(5000.0, 0.2046), (20000.0, 0.1816), (nan, 0.1584), (nan, nan), (nan, nan)]"
554,Craig-APT - Commercial - Lg,0,1,1,1,0,0.0627,0.1591897,198.11,9.48,Craig-,"[(nan, 0.24180000000000001), (nan, nan), (nan, nan), (nan, nan), (nan, nan)]"
555,Diomede Joint Utilities - Commercial - Lg,0,1,1,1,0,0.3754,2.725553,35.0,0.0,Diomed,"[(nan, 0.65), (nan, nan), (nan, nan), (nan, nan), (nan, nan)]"
556,Dot Lake-APT - Commercial - Lg,0,1,1,1,0,0.23,1.745148,198.11,13.19,Dot La,"[(nan, 0.4917), (nan, nan), (nan, nan), (nan, nan), (nan, nan)]"
557,Eagle Village-APT- Commercial - Lg,0,1,1,1,0,0.59,2.060729,198.11,52.61,Eagle ,"[(nan, 0.8979999999999999), (nan, nan), (nan, nan), (nan, nan), (nan, nan)]"
558,Egegik Light & Power - Commercial - Lg,0,1,1,1,0,0.4565,2.114206,0.0,0.0,Egegik,"[(nan, 0.65), (nan, nan), (nan, nan), (nan, nan), (nan, nan)]"
559,AVEC - Ekwok - Commercial - Lg,0,1,1,1,0,0.4944,1.742509,55.0,45.0,AVEC -,"[(1500.0, 0.5553), (nan, 0.4753), (nan, nan), (nan, nan), (nan, nan)]"
560,Elfin Cove Electric - Commercial - Lg,0,1,1,1,0,0.4898,2.345662,,0.0,Elfin ,"[(nan, 0.77), (nan, nan), (nan, nan), (nan, nan), (nan, nan)]"
561,Enstar Natural Gas - G3,0,1,2,1,1,,,112.0,0.0,Enstar,"[(nan, 0.960678), (nan, nan), (nan, nan), (nan, nan), (nan, nan)]"
562,Evansville-APT - Commercial - Lg,0,1,1,1,0,0.58,2.027641,198.11,52.61,Evansv,"[(nan, 0.9360999999999999), (nan, nan), (nan, nan), (nan, nan), (nan, nan)]"
563,Fairbanks Natural Gas - Commercial - Lg,0,1,2,1,1,,,72.0,0.0,Fairba,"[(nan, 2.0710279999999996), (nan, nan), (nan, nan), (nan, nan), (nan, nan)]"
564,False Pass Electric - Commercial - Lg,0,1,1,1,0,0.481,2.031942,,0.0,False ,"[(nan, 0.719), (nan, nan), (nan, nan), (nan, nan), (nan, nan)]"
565,"G&K, Inc - Commercial - Lg",0,1,1,1,1,0.7662,2.118109,12.5,7.05,"G&K, I","[(nan, 1.241028), (nan, nan), (nan, nan), (nan, nan), (nan, nan)]"
566,Galena Electric Utility - Commercial - Lg,0,1,1,1,0,0.4025,1.917758,11.2,0.0,Galena,"[(nan, 0.6723), (nan, nan), (nan, nan), (nan, nan), (nan, nan)]"
567,Golden Valley Electric - Com- Lg GS2S,0,1,1,1,1,,2.358446,50.0,23.46,Golden,"[(nan, 0.165718), (nan, nan), (nan, nan), (nan, nan), (nan, nan)]"
568,"Golovin, City of - Commercial - Lg",0,1,1,1,0,0.1826,2.139312,,0.0,Golovi,"[(nan, 0.46), (nan, nan), (nan, nan), (nan, nan), (nan, nan)]"
569,Gustavus Electric Company - Commercial - Lg,0,0,1,1,0,,1.9,,0.0,Gustav,"[(nan, nan), (nan, nan), (nan, nan), (nan, nan), (nan, nan)]"
570,Gwitchyaa Zhee Utility Co - Commercial - Lg,0,1,1,1,1,0.4755,2.082066,0.0,0.0,Gwitch,"[(100.0, 0.817428), (400.0, 0.742528), (500.0, 0.6676279999999999), (1000.0, 0.5926279999999999), (nan, 0.5627279999999999)]"
571,Haines-APT - Commercial - Lg,0,1,1,1,0,0.0289,0.1102586,198.11,7.72,Haines,"[(nan, 0.2208), (nan, nan), (nan, nan), (nan, nan), (nan, nan)]"
572,Healy Lake-APT - Commercial - Lg,0,0,1,1,0,,1.5,172.27,45.75,Healy ,"[(nan, 0.65), (nan, nan), (nan, nan), (nan, nan), (nan, nan)]"
573,Hollis-APT - Commercial - Lg,0,1,1,1,0,0.0627,0.1591897,198.11,9.48,Hollis,"[(nan, 0.24180000000000001), (nan, nan), (nan, nan), (nan, nan), (nan, nan)]"
574,Homer Electric Assn - Commercial - Lg,0,1,1,1,1,,1.028624,50.0,22.387,Homer ,"[(nan, 0.198538), (nan, nan), (nan, nan), (nan, nan), (nan, nan)]"
575,Homer Electric Assn Remote - Commercial - Lg,0,0,1,1,1,,1.5,40.0,7.7386,Homer ,"[(3000.0, 0.147538), (nan, 0.133008), (nan, nan), (nan, nan), (nan, nan)]"
576,Hughes Power & Light Co - Commercial - Lg,0,1,1,1,0,0.7114,2.275382,,0.0,Hughes,"[(nan, 0.91), (nan, nan), (nan, nan), (nan, nan), (nan, nan)]"
577,Hydaburg-APT - Commercial - Lg,0,1,1,1,0,0.0627,0.1591897,198.11,9.48,Hydabu,"[(nan, 0.24180000000000001), (nan, nan), (nan, nan), (nan, nan), (nan, nan)]"
578,Igiugig Village Council - Commercial - Lg,0,1,1,1,0,0.7222,2.008079,5.0,0.0,Igiugi,"[(nan, 0.9157), (nan, nan), (nan, nan), (nan, nan), (nan, nan)]"
579,"I-N-N Electric Cooperative, Inc - Commercial - Lg",0,1,1,1,0,0.3999,0.02588284,19.5,0.0,I-N-N ,"[(1000.0, 0.52), (15000.0, 0.49), (nan, 0.4387), (nan, nan), (nan, nan)]"
580,Inside Passage Electric Coop - Commercial - Lg,0,1,1,1,1,0.3908,1.378304,55.0,15.94,Inside,"[(nan, 0.6790280000000001), (nan, nan), (nan, nan), (nan, nan), (nan, nan)]"
581,Ipnatchiaq Electrric Co - Commercial - Lg,0,1,1,1,0,0.4622,1.609351,19.25,0.0,Ipnatc,"[(nan, 0.6747), (nan, nan), (nan, nan), (nan, nan), (nan, nan)]"
582,Kasaan-APT - Commercial - Lg,0,1,1,1,0,0.0627,0.1591897,198.11,9.48,Kasaan,"[(nan, 0.24180000000000001), (nan, nan), (nan, nan), (nan, nan), (nan, nan)]"
583,"Ketchikan, City of - Commercial - Lg",0,1,1,1,0,,0.1136134,18.15,3.06,Ketchi,"[(nan, 0.0989), (nan, nan), (nan, nan), (nan, nan), (nan, nan)]"
584,"King Cove, City of - Commercial - Lg",0,1,1,1,0,0.0001,0.2065458,0.0,0.0,King C,"[(nan, 0.3), (nan, nan), (nan, nan), (nan, nan), (nan, nan)]"
585,Kipnuk Light Plant - Commercial - Lg,0,1,1,1,1,0.4967,1.441385,,0.0,Kipnuk,"[(nan, 0.6912280000000001), (nan, nan), (nan, nan), (nan, nan), (nan, nan)]"
586,Klawock-APT - Commercial - Lg,0,1,1,1,0,0.0627,0.1591897,198.11,9.48,Klawoc,"[(nan, 0.24180000000000001), (nan, nan), (nan, nan), (nan, nan), (nan, nan)]"
587,Kobuk Valley Electric - Commercial - Lg,0,0,1,1,0,,,,0.0,Kobuk ,"[(1500.0, nan), (nan, nan), (nan, nan), (nan, nan), (nan, nan)]"
588,Kodiak Electric Assn - Commercial - Lg,0,1,1,1,0,,0.004386014,50.0,5.67,Kodiak,"[(20000.0, 0.1761), (nan, 0.16290000000000002), (nan, nan), (nan, nan), (nan, nan)]"
589,Kokhanok Village Council - Commercial - Lg,0,1,1,1,0,0.7662,2.299731,10.0,0.0,Kokhan,"[(nan, 0.97), (nan, nan), (nan, nan), (nan, nan), (nan, nan)]"
590,Koliganek Village Council - Commercial - Lg,0,1,1,1,0,0.3065,2.111816,21.4,0.0,Koliga,"[(nan, 0.5), (nan, nan), (nan, nan), (nan, nan), (nan, nan)]"
591,AVEC-Kotlik - Commercial - Lg,0,1,1,1,0,0.475,1.75359,55.0,45.0,AVEC-K,"[(1500.0, 0.5348999999999999), (nan, 0.45489999999999997), (nan, nan), (nan, nan), (nan, nan)]"
592,Kotzebue Electric Assn - Commercial - Lg,0,1,1,1,0,0.2289,1.469073,75.0,5.0,Kotzeb,"[(nan, 0.3775), (nan, nan), (nan, nan), (nan, nan), (nan, nan)]"
593,"Koyukuk, City of - Commercial - Lg",0,1,1,1,0,0.3865,3.577778,,0.0,Koyuku,"[(nan, 0.95), (nan, nan), (nan, nan), (nan, nan), (nan, nan)]"
594,Kuiggluum Kallugvia - Commercial - Lg,0,1,1,1,0,0.3265,2.311544,,0.0,Kuiggl,"[(nan, 0.52), (nan, nan), (nan, nan), (nan, nan), (nan, nan)]"
595,Kwig Power Company - Commercial - Lg,0,1,1,1,0,0.3597,1.790428,,0.0,Kwig P,"[(nan, 0.67), (nan, nan), (nan, nan), (nan, nan), (nan, nan)]"
596,Larsen Bay Electric - Commercial - Lg,0,1,1,1,0,0.0001,0.1805789,0.0,0.0,Larsen,"[(nan, 0.41), (nan, nan), (nan, nan), (nan, nan), (nan, nan)]"
597,Levelock Electric Cooperativ - Commercial - Lg,0,1,1,1,0,0.6453,2.528538,0.0,0.0,Levelo,"[(nan, 1.35), (nan, nan), (nan, nan), (nan, nan), (nan, nan)]"
598,Lime Village - Commercial - Lg,0,1,1,1,1,0.7662,4.089749,0.0,0.0,Lime V,"[(nan, 1.775828), (nan, nan), (nan, nan), (nan, nan), (nan, nan)]"
599,Manakotak Power Company - Commercial - Lg,0,1,1,1,0,0.1722,1.793386,0.0,0.0,Manako,"[(nan, 0.6), (nan, nan), (nan, nan), (nan, nan), (nan, nan)]"
600,Manley Utility Co - Commercial - Lg,0,1,1,1,1,0.7662,2.26414,20.0,0.0,Manley,"[(nan, 1.2703280000000001), (nan, nan), (nan, nan), (nan, nan), (nan, nan)]"
601,Matanuska Electric Assn. - Commercial - Lg,0,1,1,1,1,,0.8981139,30.0,8.38,Matanu,"[(nan, 0.163838), (nan, nan), (nan, nan), (nan, nan), (nan, nan)]"
602,McGrath Light & Power - Commercial - Lg,0,1,1,1,1,0.4504,1.859494,20.0,0.0,McGrat,"[(nan, 0.849728), (nan, nan), (nan, nan), (nan, nan), (nan, nan)]"
603,Mentasta Lake-APT - Commercial - Lg,0,1,1,1,0,0.3612,1.804428,198.11,52.61,Mentas,"[(nan, 0.7564), (nan, nan), (nan, nan), (nan, nan), (nan, nan)]"
604,Metlakatla Power & Light - Commercial - Lg,0,1,1,1,0,,0.2022976,,0.0,Metlak,"[(nan, 0.0925), (nan, nan), (nan, nan), (nan, nan), (nan, nan)]"
605,Middle Kuskokwim Electric Coop - Commercial - Lg,0,1,1,1,1,0.7662,2.560855,65.45,84.15,Middle,"[(1500.0, 1.133428), (nan, 0.946428), (nan, nan), (nan, nan), (nan, nan)]"
606,Naknek - Commercial - Lg,0,1,1,1,0,0.2677,1.66061,100.0,10.0,Naknek,"[(nan, 0.5532), (nan, nan), (nan, nan), (nan, nan), (nan, nan)]"
607,Napakiak - Commercial - Lg,0,1,1,1,1,0.2642,1.630212,0.0,0.0,Napaki,"[(nan, 0.864028), (nan, nan), (nan, nan), (nan, nan), (nan, nan)]"
608,"Napaskiak, Inc - Commercial - Lg",0,1,1,1,0,0.2897,2.50221,25.0,0.0,Napask,"[(nan, 0.7), (nan, nan), (nan, nan), (nan, nan), (nan, nan)]"
609,Naterkaq Light Plant - Commercial - Lg,0,1,1,1,0,0.3719,1.993055,,0.0,Naterk,"[(nan, 0.74), (nan, nan), (nan, nan), (nan, nan), (nan, nan)]"
610,Naukiti-APT - Commercial - Lg,0,1,1,1,0,0.0627,0.1591897,198.11,9.48,Naukit,"[(nan, 0.24180000000000001), (nan, nan), (nan, nan), (nan, nan), (nan, nan)]"
611,Nelson Lagoon Electric Coop - Commercial - Lg,0,1,1,1,0,0.5495,2.866622,0.0,0.0,Nelson,"[(nan, 0.84), (nan, nan), (nan, nan), (nan, nan), (nan, nan)]"
612,"Nikolai Light & Power, City of - Commercial - Lg",0,1,1,1,0,0.6673,2.472341,,0.0,Nikola,"[(nan, 0.9), (nan, nan), (nan, nan), (nan, nan), (nan, nan)]"
613,Nome Joint Utilities Systems - Commercial - Lg,0,1,1,1,0,0.188,1.458501,60.0,10.0,Nome J,"[(nan, 0.40349999999999997), (nan, nan), (nan, nan), (nan, nan), (nan, nan)]"
614,North Slope Borough Utilities - Commercial - Lg,0,1,1,1,1,0.1565,1.970787,15.0,0.0,North ,"[(1000.0, 0.201028), (10000.0, 0.30102799999999996), (nan, 0.35102799999999995), (nan, nan), (nan, nan)]"
615,Northway-APT - Commercial - Lg,0,1,1,1,0,0.3922,1.935616,198.11,52.61,Northw,"[(nan, 0.7736000000000001), (nan, nan), (nan, nan), (nan, nan), (nan, nan)]"
616,Nunum Iqua Electric - Commercial - Lg,0,1,1,1,0,0.3506,1.886753,,0.0,Nunum ,"[(nan, 0.5621), (nan, nan), (nan, nan), (nan, nan), (nan, nan)]"
617,Nushagak Electric Cooperative - Commercial - Lg,0,1,1,1,0,0.2591,1.636292,75.0,8.5,Nushag,"[(nan, 0.4898), (nan, nan), (nan, nan), (nan, nan), (nan, nan)]"
618,"Ouzinkie, City of - Commercial - Lg",0,1,1,1,0,0.2858,1.739969,5.0,0.0,Ouzink,"[(nan, 0.5175), (nan, nan), (nan, nan), (nan, nan), (nan, nan)]"
619,"Paxson Lodge, Inc - Commercial - Lg",0,0,1,1,0,,1.72,,0.0,Paxson,"[(nan, 1.7), (nan, nan), (nan, nan), (nan, nan), (nan, nan)]"
620,Pedro Bay Village Council - Commercial - Lg,0,1,1,1,0,0.6232,2.604706,,0.0,Pedro ,"[(nan, 0.8167), (nan, nan), (nan, nan), (nan, nan), (nan, nan)]"
621,Pelican - Commercial - Lg,0,1,1,1,0,0.0606,1.17961,12.0,0.0,Pelica,"[(nan, 0.2541), (nan, nan), (nan, nan), (nan, nan), (nan, nan)]"
622,Perryville Electric Utility - Commercial - Lg,0,1,1,1,0,0.212,2.045262,,0.0,Perryv,"[(nan, 0.95), (nan, nan), (nan, nan), (nan, nan), (nan, nan)]"
623,"Petersburg, City of - Commercial - Lg",0,1,1,1,0,,0.1136134,31.0,3.7,Peters,"[(15000.0, 0.123), (60000.0, 0.126), (nan, 0.104), (nan, nan), (nan, nan)]"
624,Pilot Point  - Commercial - Lg,0,1,1,1,0,0.4065,2.734724,10.0,0.0,Pilot ,"[(nan, 0.6), (nan, nan), (nan, nan), (nan, nan), (nan, nan)]"
625,"Platinum, City of - Commercial - Lg",0,1,1,1,0,0.0001,2.055835,,0.0,Platin,"[(nan, 0.95), (nan, nan), (nan, nan), (nan, nan), (nan, nan)]"
626,"Port Heiden, City of - Commercial - Lg",0,1,1,1,0,0.4552,2.267204,0.0,0.0,Port H,"[(nan, 0.65), (nan, nan), (nan, nan), (nan, nan), (nan, nan)]"
627,Puvurnaq Power Company - Commercial - Lg,0,1,1,1,0,0.3855,1.386522,,0.0,Puvurn,"[(nan, 0.72), (nan, nan), (nan, nan), (nan, nan), (nan, nan)]"
628,"Ruby, City of - Commercial - Lg",0,1,1,1,0,0.602,1.904561,5.0,0.0,"Ruby, ","[(nan, 0.85), (nan, nan), (nan, nan), (nan, nan), (nan, nan)]"
629,Sand Point TDX - Commercial - Lg,0,1,1,1,1,0.4355,1.633114,22.72,9.61,Sand P,"[(nan, 0.6701280000000001), (nan, nan), (nan, nan), (nan, nan), (nan, nan)]"
631,"Seward, City of - Commercial - Lg",0,1,1,1,0,,0.7572226,44.23,26.93,Seward,"[(200.0, 0.1824), (nan, 0.1327), (nan, nan), (nan, nan), (nan, nan)]"
632,"Sitka, City & Borough - Commercial - Lg",0,1,1,1,0,,0.00780205,63.0,6.59,"Sitka,","[(nan, 0.1624), (nan, nan), (nan, nan), (nan, nan), (nan, nan)]"
633,Skagway-APT - Commercial - Lg,0,1,1,1,0,0.0289,0.2138342,198.11,7.72,Skagwa,"[(nan, 0.2208), (nan, nan), (nan, nan), (nan, nan), (nan, nan)]"
634,Slana-APT - Commercial - Lg,0,1,1,1,0,0.3612,1.771758,198.11,52.61,Slana-,"[(nan, 0.7564), (nan, nan), (nan, nan), (nan, nan), (nan, nan)]"
635,St. George Electric Utility - Commercial - Lg,0,1,1,1,0,0.7662,2.394613,,0.0,St. Ge,"[(nan, 1.0), (nan, nan), (nan, nan), (nan, nan), (nan, nan)]"
636,"St. Paul, City of - Commercial - Lg",0,1,1,1,0,0.3742,1.755471,0.0,0.0,St. Pa,"[(nan, 0.57), (nan, nan), (nan, nan), (nan, nan), (nan, nan)]"
637,Stevens Village - Commercial - Lg,0,1,1,1,0,0.5631,3.98199,,0.0,Steven,"[(nan, 1.07), (nan, nan), (nan, nan), (nan, nan), (nan, nan)]"
638,Takotna Community Association - Commercial - Lg,0,1,1,1,0,0.6873,2.449977,,0.0,Takotn,"[(nan, 1.022), (nan, nan), (nan, nan), (nan, nan), (nan, nan)]"
639,Tanalian Electric Coop - Commercial - Lg,0,1,1,1,0,0.6264,1.870495,5.0,0.0,Tanali,"[(nan, 0.8281), (nan, nan), (nan, nan), (nan, nan), (nan, nan)]"
640,"Tanana Power Company, Inc - Commercial - Lg",0,1,1,1,1,0.4241,1.769005,0.0,0.0,Tanana,"[(10000.0, 0.662228), (20000.0, 0.646128), (nan, 0.620428), (nan, nan), (nan, nan)]"
641,Tatitlek Electric Utility - Commercial - Lg,0,1,1,1,0,0.6694,2.54859,0.0,0.0,Tatitl,"[(nan, 0.92), (nan, nan), (nan, nan), (nan, nan), (nan, nan)]"
642,Teller Power Company - Commercial - Lg,0,0,1,1,0,,1.8,0.0,0.0,Teller,"[(nan, 0.5489), (nan, nan), (nan, nan), (nan, nan), (nan, nan)]"
643,Tenakee Springs Electric Utility - Commercial - Lg,0,1,1,1,0,0.4222,2.093795,7.5,0.0,Tenake,"[(nan, 0.84), (nan, nan), (nan, nan), (nan, nan), (nan, nan)]"
644,Tetlin-APT - Commercial - Lg,0,1,1,1,0,0.2319,1.747023,198.11,13.19,Tetlin,"[(nan, 0.4917), (nan, nan), (nan, nan), (nan, nan), (nan, nan)]"
645,Thorne Bay-APT - Commercial - Lg,0,1,1,1,0,0.0627,0.1591897,198.11,9.48,Thorne,"[(nan, 0.24180000000000001), (nan, nan), (nan, nan), (nan, nan), (nan, nan)]"
646,Tok-APT - Commercial - Lg,0,1,1,1,0,0.2319,1.747023,198.11,13.19,Tok-AP,"[(nan, 0.4917), (nan, nan), (nan, nan), (nan, nan), (nan, nan)]"
647,Tuluksak Traditional Power - Commercial - Lg,0,1,1,1,0,0.3997,2.495093,,0.0,Tuluks,"[(nan, 0.75), (nan, nan), (nan, nan), (nan, nan), (nan, nan)]"
648,Tuntutuliak Community Services - Commercial - Lg,0,1,1,1,0,0.454,2.060982,40.0,0.0,Tuntut,"[(nan, 0.65), (nan, nan), (nan, nan), (nan, nan), (nan, nan)]"
649,Twin Hills Village Council - Commercial - Lg,0,1,1,1,0,0.3544,2.652244,,0.0,Twin H,"[(nan, 0.619), (nan, nan), (nan, nan), (nan, nan), (nan, nan)]"
650,"Umnak Power Co., The Native Vill - Commercial - Lg",0,1,1,1,0,0.5565,2.729944,15.0,0.0,Umnak ,"[(nan, 0.75), (nan, nan), (nan, nan), (nan, nan), (nan, nan)]"
651,Unalakleet Valley Electric Assoc - Commercial - Lg,0,1,1,1,0,0.3358,1.309492,4.0,0.0,Unalak,"[(nan, 0.6134), (nan, nan), (nan, nan), (nan, nan), (nan, nan)]"
652,"Unalaska, City of - Commercial - Lg",0,1,1,1,0,0.1495,1.407252,53.07,7.11,Unalas,"[(nan, 0.4212), (nan, nan), (nan, nan), (nan, nan), (nan, nan)]"
653,Unqusrag - Commercial - Lg,0,1,1,1,0,0.6065,1.789354,,0.0,Unqusr,"[(nan, 0.8), (nan, nan), (nan, nan), (nan, nan), (nan, nan)]"
654,Venetie Village Electric - Commercial - Lg,0,1,1,1,0,0.7065,2.677009,,0.0,Veneti,"[(nan, 0.9), (nan, nan), (nan, nan), (nan, nan), (nan, nan)]"
655,Whale Pass-APT - Commercial - Lg,0,1,1,1,0,0.0627,2.111706,198.11,9.48,Whale ,"[(nan, 0.24180000000000001), (nan, nan), (nan, nan), (nan, nan), (nan, nan)]"
656,"White Mountain, City of - Commercial - Lg",0,1,1,1,0,0.3261,1.994477,10.0,0.0,White ,"[(nan, 0.55), (nan, nan), (nan, nan), (nan, nan), (nan, nan)]"
657,"Wrangell, City of - Commercial - Lg",0,1,1,1,0,,0.1136134,13.5,0.0,Wrange,"[(70000.0, 0.1345), (nan, 0.1302), (nan, nan), (nan, nan), (nan, nan)]"
658,AVEC -Yakutat - Commercial - Lg,0,1,1,1,0,0.3586,1.707497,55.0,30.0,AVEC -,"[(nan, 0.3678), (nan, nan), (nan, nan), (nan, nan), (nan, nan)]"
659,AEL&P - Residential Demand,0,1,1,0,1,,0.002855618,12.01,10.3,AEL&P ,"[(nan, 0.060628), (nan, nan), (nan, nan), (nan, nan), (nan, nan)]"
660,AEL&P -  Sm Commercial Demand,0,1,1,1,1,,0.002855618,25.28,11.8875,AEL&P ,"[(nan, 0.068728), (nan, nan), (nan, nan), (nan, nan), (nan, nan)]"
663,AEL&P - Residential Heat Pump,0,1,1,0,1,,0.002855618,11.46,9.205,AEL&P ,"[(nan, 0.054428), (nan, nan), (nan, nan), (nan, nan), (nan, nan)]"
670,Nuiqsut Natural Gas,0,1,2,0,1,,,25.0,0.0,Nuiqsu,"[(nan, 0.001028), (nan, nan), (nan, nan), (nan, nan), (nan, nan)]"
671,"Kotzebue-Community Bldg,Sm-PCE",0,1,1,1,1,0.1769,1.469073,25.0,0.0,Kotzeb,"[(nan, 0.41102799999999995), (nan, nan), (nan, nan), (nan, nan), (nan, nan)]"
672,"Kotzebue-Community Bldg,Lg-PCE",0,1,1,1,1,0.1908,1.469073,75.0,2.8425,Kotzeb,"[(nan, 0.363628), (nan, nan), (nan, nan), (nan, nan), (nan, nan)]"
673,Nuiqsut North Slope Borough Commercial,0,1,1,1,1,0.1565,1.950889,15.0,0.0,Nuiqsu,"[(1000.0, 0.201028), (10000.0, 0.30102799999999996), (nan, 0.081028), (nan, nan), (nan, nan)]"
674,Nuiqsut North Slope Borough Residential,0,1,1,0,1,0.1565,1.950889,15.0,0.0,Nuiqsu,"[(600.0, 0.151028), (nan, 0.081028), (nan, nan), (nan, nan), (nan, nan)]"
675,National Avg Electric - Residential,0,0,1,0,0,,1.1,10.0,0.0,Nation,"[(nan, 0.116), (nan, nan), (nan, nan), (nan, nan), (nan, nan)]"
676,National Avg Gas - Residential,0,0,2,0,0,,,10.0,0.0,Nation,"[(nan, 1.597), (nan, nan), (nan, nan), (nan, nan), (nan, nan)]"
677,Adak -TDX Residential,0,1,1,0,1,0.7662,3.2828,23.5,0.0,Adak -,"[(nan, 1.511328), (nan, nan), (nan, nan), (nan, nan), (nan, nan)]"
678,Adak - TDX Commercial,0,1,1,1,1,0.7662,3.2828,45.94,103.38,Adak -,"[(nan, 0.984628), (nan, nan), (nan, nan), (nan, nan), (nan, nan)]"
682,Enstar Natural Gas - G4,0,1,2,1,1,,,538.0,0.0,Enstar,"[(nan, 0.931998), (nan, nan), (nan, nan), (nan, nan), (nan, nan)]"
683,Golden Valley Electric GS-2(P),0,1,1,1,1,,2.358446,50.0,23.46,Golden,"[(nan, 0.165718), (nan, nan), (nan, nan), (nan, nan), (nan, nan)]"
684,Golden Valley Electric - GS-3,0,1,1,1,1,,2.358446,220.0,31.67,Golden,"[(nan, 0.131898), (nan, nan), (nan, nan), (nan, nan), (nan, nan)]"
685,Homer Electric Assn - Industrial,0,0,1,1,1,,1.1,450.0,23.33,Homer ,"[(nan, 0.083978), (nan, nan), (nan, nan), (nan, nan), (nan, nan)]"
686,Wrangell - Large Commercial Heat Rate Service,0,0,1,1,1,,0.1136134,17.5,0.0,Wrange,"[(70000.0, 0.115028), (nan, 0.111028), (nan, nan), (nan, nan), (nan, nan)]"
687,Wrangell - Small Commercial Heat Rate Service,0,0,1,1,1,,0.1136134,4.0,0.0,Wrange,"[(nan, 0.086628), (nan, nan), (nan, nan), (nan, nan), (nan, nan)]"
688,Wrangell - Residential Heat Rate Service,0,0,1,0,1,,0.1136134,4.0,0.0,Wrange,"[(nan, 0.086628), (nan, nan), (nan, nan), (nan, nan), (nan, nan)]"
689,Nuiqsut Natural Gas - Commercial,0,1,2,1,1,,,,0.0,Nuiqsu,"[(nan, 0.180228), (nan, nan), (nan, nan), (nan, nan), (nan, nan)]"
690,AEL&P Residential Dual Fuel,0,1,1,0,1,,0.002855618,,0.0,AEL&P ,"[(nan, 0.111628), (nan, nan), (nan, nan), (nan, nan), (nan, nan)]"
691,AEL&P Commercial and Government Dual Fuel,0,1,1,1,1,,0.002855618,,0.0,AEL&P ,"[(nan, 0.111628), (nan, nan), (nan, nan), (nan, nan), (nan, nan)]"
692,Chignik Lagoon - Commercial - Lg,0,1,1,1,1,0.6069,1.419171,,0.0,Chigni,"[(nan, 0.901028), (nan, nan), (nan, nan), (nan, nan), (nan, nan)]"
693,Chignik Lagoon - Commercial - Sm,0,1,1,1,1,0.6069,1.419171,,0.0,Chigni,"[(nan, 0.901028), (nan, nan), (nan, nan), (nan, nan), (nan, nan)]"
694,Chignik Lagoon - Residential,0,1,1,0,1,0.6069,1.419171,,0.0,Chigni,"[(nan, 0.901028), (nan, nan), (nan, nan), (nan, nan), (nan, nan)]"
697,Rampart Village Council,0,1,1,0,1,0.6191,2.6648,,0.0,Rampar,"[(nan, 0.815928), (nan, nan), (nan, nan), (nan, nan), (nan, nan)]"
698,Chugach Electric North - Commercial - Lg,0,1,1,1,1,,0.7572226,92.61,47.0,Chugac,"[(nan, 0.041477627), (nan, nan), (nan, nan), (nan, nan), (nan, nan)]"
699,Chugach Electric North - Commercial - Sm,0,1,1,1,1,,0.7572226,30.46,0.0,Chugac,"[(nan, 0.1615715), (nan, nan), (nan, nan), (nan, nan), (nan, nan)]"
700,Chugach Electric North - Residential,0,1,1,0,1,,0.7572226,13.62,0.0,Chugac,"[(nan, 0.19741150000000002), (nan, nan), (nan, nan), (nan, nan), (nan, nan)]"
701,AVEC Bethel Commercial Lg,0,1,1,1,1,,,,0.0,AVEC B,"[(nan, 0.7637280000000001), (nan, nan), (nan, nan), (nan, nan), (nan, nan)]"
